institution,slug,country,continent,repository_code,archive_type,barch_detail_url,content_available_in_source,website_available,partner_site,internal_page,status,http_code,video_links_found,embedded_signals,warning,error
Bundesarchiv,bundesarchiv,Germany,Europe,DE-BArch,Federal archive with film archive holdings,https://www.bundesarchiv.de/en/research-our-records/research-by-media-type/films/,True,True,https://www.europeanfilmgateway.eu/search-efg/bundesarchiv,https://www.bundesarchiv.de/,ok,200,0,0,Site institucional do Bundesarchiv.,
Bundesarchiv,bundesarchiv,Germany,Europe,DE-BArch,Federal archive with film archive holdings,https://www.bundesarchiv.de/en/research-our-records/research-by-media-type/films/,True,True,https://www.europeanfilmgateway.eu/search-efg/bundesarchiv,https://www.bundesarchiv.de/en/research-our-records/research-by-media-type/films/,ok,200,0,0,Página oficial sobre acervos fílmicos do Bundesarchiv.,
Bundesarchiv,bundesarchiv,Germany,Europe,DE-BArch,Federal archive with film archive holdings,https://www.bundesarchiv.de/en/research-our-records/research-by-media-type/films/,True,True,https://www.europeanfilmgateway.eu/search-efg/bundesarchiv,https://www.bundesarchiv.de/en/research-our-records/research-archive-material/search-systems/,ok,200,0,0,Página oficial sobre sistemas de pesquisa do Bundesarchiv.,
Bundesarchiv,bundesarchiv,Germany,Europe,DE-BArch,Federal archive with film archive holdings,https://www.bundesarchiv.de/en/research-our-records/research-by-media-type/films/,True,True,https://www.europeanfilmgateway.eu/search-efg/bundesarchiv,https://www.bundesarchiv.de/en/research-our-records/research-archive-material/search-systems/digital-reading-room/,ok,200,0,0,Página oficial do Digitaler Lesesaal como plataforma de pesquisa e apresentação de filmes.,
Bundesarchiv,bundesarchiv,Germany,Europe,DE-BArch,Federal archive with film archive holdings,https://www.bundesarchiv.de/en/research-our-records/research-by-media-type/films/,True,True,https://www.europeanfilmgateway.eu/search-efg/bundesarchiv,https://digitaler-lesesaal.bundesarchiv.de/en,ok,200,0,0,"Aplicação pública do Digitaler Lesesaal; contexto, não rota principal desta coleta.",
Bundesarchiv,bundesarchiv,Germany,Europe,DE-BArch,Federal archive with film archive holdings,https://www.bundesarchiv.de/en/research-our-records/research-by-media-type/films/,True,True,https://www.europeanfilmgateway.eu/search-efg/bundesarchiv,https://www.europeanfilmgateway.eu/content/bundesarchiv-filmarchiv-berlin,ok,200,0,0,Página do Bundesarchiv-Filmarchiv como arquivo contribuinte no European Film Gateway.,
Bundesarchiv,bundesarchiv,Germany,Europe,DE-BArch,Federal archive with film archive holdings,https://www.bundesarchiv.de/en/research-our-records/research-by-media-type/films/,True,True,https://www.europeanfilmgateway.eu/search-efg/bundesarchiv,https://www.europeanfilmgateway.eu/search-efg/bundesarchiv,ok,200,8,8,Página 1 da coleção Bundesarchiv no EFG; 179 resultados de vídeo anunciados.,
Bundesarchiv,bundesarchiv,Germany,Europe,DE-BArch,Federal archive with film archive holdings,https://www.bundesarchiv.de/en/research-our-records/research-by-media-type/films/,True,True,https://www.europeanfilmgateway.eu/search-efg/bundesarchiv,https://www.europeanfilmgateway.eu/search-efg/bundesarchiv?page=1%2C0%2C0,ok,200,8,8,Página 2 da coleção Bundesarchiv no EFG; 179 resultados de vídeo anunciados.,
Bundesarchiv,bundesarchiv,Germany,Europe,DE-BArch,Federal archive with film archive holdings,https://www.bundesarchiv.de/en/research-our-records/research-by-media-type/films/,True,True,https://www.europeanfilmgateway.eu/search-efg/bundesarchiv,https://www.europeanfilmgateway.eu/search-efg/bundesarchiv?page=2%2C0%2C0,ok,200,8,8,Página 3 da coleção Bundesarchiv no EFG; 179 resultados de vídeo anunciados.,
Bundesarchiv,bundesarchiv,Germany,Europe,DE-BArch,Federal archive with film archive holdings,https://www.bundesarchiv.de/en/research-our-records/research-by-media-type/films/,True,True,https://www.europeanfilmgateway.eu/search-efg/bundesarchiv,https://www.europeanfilmgateway.eu/search-efg/bundesarchiv?page=3%2C0%2C0,ok,200,8,8,Página 4 da coleção Bundesarchiv no EFG; 179 resultados de vídeo anunciados.,
Bundesarchiv,bundesarchiv,Germany,Europe,DE-BArch,Federal archive with film archive holdings,https://www.bundesarchiv.de/en/research-our-records/research-by-media-type/films/,True,True,https://www.europeanfilmgateway.eu/search-efg/bundesarchiv,https://www.europeanfilmgateway.eu/search-efg/bundesarchiv?page=4%2C0%2C0,ok,200,8,8,Página 5 da coleção Bundesarchiv no EFG; 179 resultados de vídeo anunciados.,
Bundesarchiv,bundesarchiv,Germany,Europe,DE-BArch,Federal archive with film archive holdings,https://www.bundesarchiv.de/en/research-our-records/research-by-media-type/films/,True,True,https://www.europeanfilmgateway.eu/search-efg/bundesarchiv,https://www.europeanfilmgateway.eu/search-efg/bundesarchiv?page=5%2C0%2C0,ok,200,8,8,Página 6 da coleção Bundesarchiv no EFG; 179 resultados de vídeo anunciados.,
Bundesarchiv,bundesarchiv,Germany,Europe,DE-BArch,Federal archive with film archive holdings,https://www.bundesarchiv.de/en/research-our-records/research-by-media-type/films/,True,True,https://www.europeanfilmgateway.eu/search-efg/bundesarchiv,https://www.europeanfilmgateway.eu/search-efg/bundesarchiv?page=6%2C0%2C0,ok,200,8,8,Página 7 da coleção Bundesarchiv no EFG; 179 resultados de vídeo anunciados.,
Bundesarchiv,bundesarchiv,Germany,Europe,DE-BArch,Federal archive with film archive holdings,https://www.bundesarchiv.de/en/research-our-records/research-by-media-type/films/,True,True,https://www.europeanfilmgateway.eu/search-efg/bundesarchiv,https://www.europeanfilmgateway.eu/search-efg/bundesarchiv?page=7%2C0%2C0,ok,200,8,8,Página 8 da coleção Bundesarchiv no EFG; 179 resultados de vídeo anunciados.,
Bundesarchiv,bundesarchiv,Germany,Europe,DE-BArch,Federal archive with film archive holdings,https://www.bundesarchiv.de/en/research-our-records/research-by-media-type/films/,True,True,https://www.europeanfilmgateway.eu/search-efg/bundesarchiv,https://www.europeanfilmgateway.eu/search-efg/bundesarchiv?page=8%2C0%2C0,ok,200,8,8,Página 9 da coleção Bundesarchiv no EFG; 179 resultados de vídeo anunciados.,
Bundesarchiv,bundesarchiv,Germany,Europe,DE-BArch,Federal archive with film archive holdings,https://www.bundesarchiv.de/en/research-our-records/research-by-media-type/films/,True,True,https://www.europeanfilmgateway.eu/search-efg/bundesarchiv,https://www.europeanfilmgateway.eu/search-efg/bundesarchiv?page=9%2C0%2C0,ok,200,8,8,Página 10 da coleção Bundesarchiv no EFG; 179 resultados de vídeo anunciados.,
Bundesarchiv,bundesarchiv,Germany,Europe,DE-BArch,Federal archive with film archive holdings,https://www.bundesarchiv.de/en/research-our-records/research-by-media-type/films/,True,True,https://www.europeanfilmgateway.eu/search-efg/bundesarchiv,https://www.europeanfilmgateway.eu/search-efg/bundesarchiv?page=10%2C0%2C0,ok,200,8,8,Página 11 da coleção Bundesarchiv no EFG; 179 resultados de vídeo anunciados.,
Bundesarchiv,bundesarchiv,Germany,Europe,DE-BArch,Federal archive with film archive holdings,https://www.bundesarchiv.de/en/research-our-records/research-by-media-type/films/,True,True,https://www.europeanfilmgateway.eu/search-efg/bundesarchiv,https://www.europeanfilmgateway.eu/search-efg/bundesarchiv?page=11%2C0%2C0,ok,200,8,8,Página 12 da coleção Bundesarchiv no EFG; 179 resultados de vídeo anunciados.,
Bundesarchiv,bundesarchiv,Germany,Europe,DE-BArch,Federal archive with film archive holdings,https://www.bundesarchiv.de/en/research-our-records/research-by-media-type/films/,True,True,https://www.europeanfilmgateway.eu/search-efg/bundesarchiv,https://www.europeanfilmgateway.eu/search-efg/bundesarchiv?page=12%2C0%2C0,ok,200,8,8,Página 13 da coleção Bundesarchiv no EFG; 179 resultados de vídeo anunciados.,
Bundesarchiv,bundesarchiv,Germany,Europe,DE-BArch,Federal archive with film archive holdings,https://www.bundesarchiv.de/en/research-our-records/research-by-media-type/films/,True,True,https://www.europeanfilmgateway.eu/search-efg/bundesarchiv,https://www.europeanfilmgateway.eu/search-efg/bundesarchiv?page=13%2C0%2C0,ok,200,8,8,Página 14 da coleção Bundesarchiv no EFG; 179 resultados de vídeo anunciados.,
Bundesarchiv,bundesarchiv,Germany,Europe,DE-BArch,Federal archive with film archive holdings,https://www.bundesarchiv.de/en/research-our-records/research-by-media-type/films/,True,True,https://www.europeanfilmgateway.eu/search-efg/bundesarchiv,https://www.europeanfilmgateway.eu/search-efg/bundesarchiv?page=14%2C0%2C0,ok,200,8,8,Página 15 da coleção Bundesarchiv no EFG; 179 resultados de vídeo anunciados.,
Bundesarchiv,bundesarchiv,Germany,Europe,DE-BArch,Federal archive with film archive holdings,https://www.bundesarchiv.de/en/research-our-records/research-by-media-type/films/,True,True,https://www.europeanfilmgateway.eu/search-efg/bundesarchiv,https://www.europeanfilmgateway.eu/search-efg/bundesarchiv?page=15%2C0%2C0,ok,200,8,8,Página 16 da coleção Bundesarchiv no EFG; 179 resultados de vídeo anunciados.,
Bundesarchiv,bundesarchiv,Germany,Europe,DE-BArch,Federal archive with film archive holdings,https://www.bundesarchiv.de/en/research-our-records/research-by-media-type/films/,True,True,https://www.europeanfilmgateway.eu/search-efg/bundesarchiv,https://www.europeanfilmgateway.eu/search-efg/bundesarchiv?page=16%2C0%2C0,ok,200,8,8,Página 17 da coleção Bundesarchiv no EFG; 179 resultados de vídeo anunciados.,
Bundesarchiv,bundesarchiv,Germany,Europe,DE-BArch,Federal archive with film archive holdings,https://www.bundesarchiv.de/en/research-our-records/research-by-media-type/films/,True,True,https://www.europeanfilmgateway.eu/search-efg/bundesarchiv,https://www.europeanfilmgateway.eu/search-efg/bundesarchiv?page=17%2C0%2C0,ok,200,8,8,Página 18 da coleção Bundesarchiv no EFG; 179 resultados de vídeo anunciados.,
Bundesarchiv,bundesarchiv,Germany,Europe,DE-BArch,Federal archive with film archive holdings,https://www.bundesarchiv.de/en/research-our-records/research-by-media-type/films/,True,True,https://www.europeanfilmgateway.eu/search-efg/bundesarchiv,https://www.europeanfilmgateway.eu/search-efg/bundesarchiv?page=18%2C0%2C0,ok,200,8,8,Página 19 da coleção Bundesarchiv no EFG; 179 resultados de vídeo anunciados.,
Bundesarchiv,bundesarchiv,Germany,Europe,DE-BArch,Federal archive with film archive holdings,https://www.bundesarchiv.de/en/research-our-records/research-by-media-type/films/,True,True,https://www.europeanfilmgateway.eu/search-efg/bundesarchiv,https://www.europeanfilmgateway.eu/search-efg/bundesarchiv?page=19%2C0%2C0,ok,200,8,8,Página 20 da coleção Bundesarchiv no EFG; 179 resultados de vídeo anunciados.,
Bundesarchiv,bundesarchiv,Germany,Europe,DE-BArch,Federal archive with film archive holdings,https://www.bundesarchiv.de/en/research-our-records/research-by-media-type/films/,True,True,https://www.europeanfilmgateway.eu/search-efg/bundesarchiv,https://www.europeanfilmgateway.eu/search-efg/bundesarchiv?page=20%2C0%2C0,ok,200,8,8,Página 21 da coleção Bundesarchiv no EFG; 179 resultados de vídeo anunciados.,
Bundesarchiv,bundesarchiv,Germany,Europe,DE-BArch,Federal archive with film archive holdings,https://www.bundesarchiv.de/en/research-our-records/research-by-media-type/films/,True,True,https://www.europeanfilmgateway.eu/search-efg/bundesarchiv,https://www.europeanfilmgateway.eu/search-efg/bundesarchiv?page=21%2C0%2C0,ok,200,8,8,Página 22 da coleção Bundesarchiv no EFG; 179 resultados de vídeo anunciados.,
Bundesarchiv,bundesarchiv,Germany,Europe,DE-BArch,Federal archive with film archive holdings,https://www.bundesarchiv.de/en/research-our-records/research-by-media-type/films/,True,True,https://www.europeanfilmgateway.eu/search-efg/bundesarchiv,https://www.europeanfilmgateway.eu/search-efg/bundesarchiv?page=22%2C0%2C0,ok,200,1,1,Página 23 da coleção Bundesarchiv no EFG; 179 resultados de vídeo anunciados.,
Bundesarchiv,bundesarchiv,Germany,Europe,DE-BArch,Federal archive with film archive holdings,https://www.bundesarchiv.de/en/research-our-records/research-by-media-type/films/,True,True,https://www.europeanfilmgateway.eu/search-efg/bundesarchiv,https://www.europeanfilmgateway.eu/detail/Vogesenwacht/barch::322c53a3d6820fc535be84c28a87bdae,ok,200,1,1,"Ficha pública de vídeo de Bundesarchiv no EFG, com metadados audiovisuais.",
Bundesarchiv,bundesarchiv,Germany,Europe,DE-BArch,Federal archive with film archive holdings,https://www.bundesarchiv.de/en/research-our-records/research-by-media-type/films/,True,True,https://www.europeanfilmgateway.eu/search-efg/bundesarchiv,https://www.europeanfilmgateway.eu/detail/Die%20ersten%20Aufnahmen%20aus%20der%20Schlacht%20im%20Westen/barch::9fedf98e6222920133efe17cf0aeff8f,ok,200,1,1,"Ficha pública de vídeo de Bundesarchiv no EFG, com metadados audiovisuais.",
Bundesarchiv,bundesarchiv,Germany,Europe,DE-BArch,Federal archive with film archive holdings,https://www.bundesarchiv.de/en/research-our-records/research-by-media-type/films/,True,True,https://www.europeanfilmgateway.eu/search-efg/bundesarchiv,https://www.europeanfilmgateway.eu/detail/Der%20mi%C3%9Fgl%C3%BCckte%20englische%20Handstreich%20auf%20Zeebr%C3%BCgge%20(1918)/barch::c614b742d5f65c098a0df41a2886451c,ok,200,1,1,"Ficha pública de vídeo de Bundesarchiv no EFG, com metadados audiovisuais.",
Bundesarchiv,bundesarchiv,Germany,Europe,DE-BArch,Federal archive with film archive holdings,https://www.bundesarchiv.de/en/research-our-records/research-by-media-type/films/,True,True,https://www.europeanfilmgateway.eu/search-efg/bundesarchiv,https://www.europeanfilmgateway.eu/detail/St.%20Quentin/barch::09a9a4ed02cb05ab466af74dddfad577,ok,200,1,1,"Ficha pública de vídeo de Bundesarchiv no EFG, com metadados audiovisuais.",
Bundesarchiv,bundesarchiv,Germany,Europe,DE-BArch,Federal archive with film archive holdings,https://www.bundesarchiv.de/en/research-our-records/research-by-media-type/films/,True,True,https://www.europeanfilmgateway.eu/search-efg/bundesarchiv,https://www.europeanfilmgateway.eu/detail/Kriegshunde-Lazarett/barch::01586d069889e1d59793a86facfdcffe,ok,200,1,1,"Ficha pública de vídeo de Bundesarchiv no EFG, com metadados audiovisuais.",
Bundesarchiv,bundesarchiv,Germany,Europe,DE-BArch,Federal archive with film archive holdings,https://www.bundesarchiv.de/en/research-our-records/research-by-media-type/films/,True,True,https://www.europeanfilmgateway.eu/search-efg/bundesarchiv,https://www.europeanfilmgateway.eu/detail/Bilder%20aus%20der%20gro%C3%9Fen%20Schlacht%20im%20Westen.%206.%20Teil/barch::ba781d2d2d17ad64c6c7d1ffff324c15,ok,200,1,1,"Ficha pública de vídeo de Bundesarchiv no EFG, com metadados audiovisuais.",
Bundesarchiv,bundesarchiv,Germany,Europe,DE-BArch,Federal archive with film archive holdings,https://www.bundesarchiv.de/en/research-our-records/research-by-media-type/films/,True,True,https://www.europeanfilmgateway.eu/search-efg/bundesarchiv,https://www.europeanfilmgateway.eu/detail/Hochseefischerei%20in%20der%20Deutschen%20Marine/barch::884e49fa9f949448fc2fb4deb2c8cebb,ok,200,1,1,"Ficha pública de vídeo de Bundesarchiv no EFG, com metadados audiovisuais.",
Bundesarchiv,bundesarchiv,Germany,Europe,DE-BArch,Federal archive with film archive holdings,https://www.bundesarchiv.de/en/research-our-records/research-by-media-type/films/,True,True,https://www.europeanfilmgateway.eu/search-efg/bundesarchiv,https://www.europeanfilmgateway.eu/detail/Beiramfest%20im%20Mohamedaner-Gefangenenlager%20(Halbmond-%20und%20Weinbergslager)%20zu%20W%C3%BCnsdorf%20bei%20Zossen/barch::19ae87cff75b04c475c39166cf05af2b,ok,200,1,1,"Ficha pública de vídeo de Bundesarchiv no EFG, com metadados audiovisuais.",
Bundesarchiv,bundesarchiv,Germany,Europe,DE-BArch,Federal archive with film archive holdings,https://www.bundesarchiv.de/en/research-our-records/research-by-media-type/films/,True,True,https://www.europeanfilmgateway.eu/search-efg/bundesarchiv,https://www.europeanfilmgateway.eu/detail/Friedensverhandlungen%20in%20Brest-Litowsk%20(1918)/barch::8517394d10b81746d637ac107a004da8,ok,200,1,1,"Ficha pública de vídeo de Bundesarchiv no EFG, com metadados audiovisuais.",
Bundesarchiv,bundesarchiv,Germany,Europe,DE-BArch,Federal archive with film archive holdings,https://www.bundesarchiv.de/en/research-our-records/research-by-media-type/films/,True,True,https://www.europeanfilmgateway.eu/search-efg/bundesarchiv,https://www.europeanfilmgateway.eu/detail/Bilder%20von%20der%20Halbinsel%20Krim/barch::d9ccf9c24ee4575aac37ca607758a5e6,ok,200,1,1,"Ficha pública de vídeo de Bundesarchiv no EFG, com metadados audiovisuais.",
Bundesarchiv,bundesarchiv,Germany,Europe,DE-BArch,Federal archive with film archive holdings,https://www.bundesarchiv.de/en/research-our-records/research-by-media-type/films/,True,True,https://www.europeanfilmgateway.eu/search-efg/bundesarchiv,https://www.europeanfilmgateway.eu/detail/Die%20Kaisergeburtstagsfeier%20der%20Ers.-Geb.-Masch.-Gew.-Abt.%20No.5%20zu%20Seesen%20am%20Harz%20im%20Kriegsjahr%201918/barch::1e6e2ad7df93ce01b0ca7e03a2a6734f,ok,200,1,1,"Ficha pública de vídeo de Bundesarchiv no EFG, com metadados audiovisuais.",
Bundesarchiv,bundesarchiv,Germany,Europe,DE-BArch,Federal archive with film archive holdings,https://www.bundesarchiv.de/en/research-our-records/research-by-media-type/films/,True,True,https://www.europeanfilmgateway.eu/search-efg/bundesarchiv,https://www.europeanfilmgateway.eu/detail/Artillerie-Werkst%C3%A4tten%20hinter%20der%20Westfront/barch::fc65e23be28ea1c3c325c663ecb1e48c,ok,200,1,1,"Ficha pública de vídeo de Bundesarchiv no EFG, com metadados audiovisuais.",
Bundesarchiv,bundesarchiv,Germany,Europe,DE-BArch,Federal archive with film archive holdings,https://www.bundesarchiv.de/en/research-our-records/research-by-media-type/films/,True,True,https://www.europeanfilmgateway.eu/search-efg/bundesarchiv,https://www.europeanfilmgateway.eu/detail/Einzug%20des%20siegreichen%20Generals%20von%20Mannerheim%20in%20Helsingfors/barch::9e7b4a9764808df833b9a62c3f3e41ce,ok,200,1,1,"Ficha pública de vídeo de Bundesarchiv no EFG, com metadados audiovisuais.",
Bundesarchiv,bundesarchiv,Germany,Europe,DE-BArch,Federal archive with film archive holdings,https://www.bundesarchiv.de/en/research-our-records/research-by-media-type/films/,True,True,https://www.europeanfilmgateway.eu/search-efg/bundesarchiv,https://www.europeanfilmgateway.eu/detail/Der%20Flachs%20und%20seine%20Veredelung/barch::3ce49d6d153c16e9908067c5b208f557,ok,200,1,1,"Ficha pública de vídeo de Bundesarchiv no EFG, com metadados audiovisuais.",
Bundesarchiv,bundesarchiv,Germany,Europe,DE-BArch,Federal archive with film archive holdings,https://www.bundesarchiv.de/en/research-our-records/research-by-media-type/films/,True,True,https://www.europeanfilmgateway.eu/search-efg/bundesarchiv,https://www.europeanfilmgateway.eu/detail/Ein%20Tag%20bei%20Generalfeldmarschall%20von%20Hindenburg/barch::11d49c810eb2a324fe05be67f30625f1,ok,200,1,1,"Ficha pública de vídeo de Bundesarchiv no EFG, com metadados audiovisuais.",
Bundesarchiv,bundesarchiv,Germany,Europe,DE-BArch,Federal archive with film archive holdings,https://www.bundesarchiv.de/en/research-our-records/research-by-media-type/films/,True,True,https://www.europeanfilmgateway.eu/search-efg/bundesarchiv,https://www.europeanfilmgateway.eu/detail/Aus%20Syrien%20und%20dem%20Heiligen%20Lande.%20Geographische%20Laufbilder%20zu%20Lehrzwecken/barch::a198a047562c1651da1423348d942b5d,ok,200,1,1,"Ficha pública de vídeo de Bundesarchiv no EFG, com metadados audiovisuais.",
Bundesarchiv,bundesarchiv,Germany,Europe,DE-BArch,Federal archive with film archive holdings,https://www.bundesarchiv.de/en/research-our-records/research-by-media-type/films/,True,True,https://www.europeanfilmgateway.eu/search-efg/bundesarchiv,https://www.europeanfilmgateway.eu/detail/Messter-Woche%20Nr.%203/barch::2fc1a38412773e4149ce87289e47d704,ok,200,1,1,"Ficha pública de vídeo de Bundesarchiv no EFG, com metadados audiovisuais.",
Bundesarchiv,bundesarchiv,Germany,Europe,DE-BArch,Federal archive with film archive holdings,https://www.bundesarchiv.de/en/research-our-records/research-by-media-type/films/,True,True,https://www.europeanfilmgateway.eu/search-efg/bundesarchiv,https://www.europeanfilmgateway.eu/detail/Das%20M%C3%A4dchen%20ohne%20Vaterland/barch::4b6235dda419c7d7ba2815f5b96ba2ca,ok,200,1,1,"Ficha pública de vídeo de Bundesarchiv no EFG, com metadados audiovisuais.",
Bundesarchiv,bundesarchiv,Germany,Europe,DE-BArch,Federal archive with film archive holdings,https://www.bundesarchiv.de/en/research-our-records/research-by-media-type/films/,True,True,https://www.europeanfilmgateway.eu/search-efg/bundesarchiv,https://www.europeanfilmgateway.eu/detail/Pferdelazarett%20in%20Doncherry/barch::bbf2efb3081dfa238a449866d0be61f3,ok,200,1,1,"Ficha pública de vídeo de Bundesarchiv no EFG, com metadados audiovisuais.",
Bundesarchiv,bundesarchiv,Germany,Europe,DE-BArch,Federal archive with film archive holdings,https://www.bundesarchiv.de/en/research-our-records/research-by-media-type/films/,True,True,https://www.europeanfilmgateway.eu/search-efg/bundesarchiv,https://www.europeanfilmgateway.eu/detail/Der%20Weltkrieg.%20Ein%20historischer%20Film/barch::dba865b1813a6e475a4b0cf973c7241b,ok,200,1,1,"Ficha pública de vídeo de Bundesarchiv no EFG, com metadados audiovisuais.",
Bundesarchiv,bundesarchiv,Germany,Europe,DE-BArch,Federal archive with film archive holdings,https://www.bundesarchiv.de/en/research-our-records/research-by-media-type/films/,True,True,https://www.europeanfilmgateway.eu/search-efg/bundesarchiv,https://www.europeanfilmgateway.eu/detail/Wie%20f%C3%BCr%20unsere%20Feldgrauen%20gesorgt%20wird/barch::5c3bc8720fb1ec5645b4ac85a2b11b68,ok,200,1,1,"Ficha pública de vídeo de Bundesarchiv no EFG, com metadados audiovisuais.",
Bundesarchiv,bundesarchiv,Germany,Europe,DE-BArch,Federal archive with film archive holdings,https://www.bundesarchiv.de/en/research-our-records/research-by-media-type/films/,True,True,https://www.europeanfilmgateway.eu/search-efg/bundesarchiv,"https://www.europeanfilmgateway.eu/detail/Lieb%20Vaterland,%20magst%20ruhig%20sein/barch::87b85bf9cc395c4ce9abebc9dfeacc77",ok,200,1,1,"Ficha pública de vídeo de Bundesarchiv no EFG, com metadados audiovisuais.",
Bundesarchiv,bundesarchiv,Germany,Europe,DE-BArch,Federal archive with film archive holdings,https://www.bundesarchiv.de/en/research-our-records/research-by-media-type/films/,True,True,https://www.europeanfilmgateway.eu/search-efg/bundesarchiv,https://www.europeanfilmgateway.eu/detail/Wiederherstellung%20der%20Ordnung%20in%20Finnland/barch::89df1d4ef3520c4b3d0d87153872883a,ok,200,1,1,"Ficha pública de vídeo de Bundesarchiv no EFG, com metadados audiovisuais.",
Bundesarchiv,bundesarchiv,Germany,Europe,DE-BArch,Federal archive with film archive holdings,https://www.bundesarchiv.de/en/research-our-records/research-by-media-type/films/,True,True,https://www.europeanfilmgateway.eu/search-efg/bundesarchiv,https://www.europeanfilmgateway.eu/detail/Der%20Waffenstillstand%20von%20Brest-Litowsk/barch::750601cbee334192f3cf1a5b273c2e30,ok,200,1,1,"Ficha pública de vídeo de Bundesarchiv no EFG, com metadados audiovisuais.",
Bundesarchiv,bundesarchiv,Germany,Europe,DE-BArch,Federal archive with film archive holdings,https://www.bundesarchiv.de/en/research-our-records/research-by-media-type/films/,True,True,https://www.europeanfilmgateway.eu/search-efg/bundesarchiv,https://www.europeanfilmgateway.eu/detail/Woevre-St%C3%A4dte%20als%20Opfer%20der%20franz%C3%B6sischen%20Artillerie/barch::a25380c3f8fa20590de9e6265ee3b674,ok,200,1,1,"Ficha pública de vídeo de Bundesarchiv no EFG, com metadados audiovisuais.",
Bundesarchiv,bundesarchiv,Germany,Europe,DE-BArch,Federal archive with film archive holdings,https://www.bundesarchiv.de/en/research-our-records/research-by-media-type/films/,True,True,https://www.europeanfilmgateway.eu/search-efg/bundesarchiv,https://www.europeanfilmgateway.eu/detail/Deutsche%20Hilfe%20f%C3%BCr%20Finnland/barch::2c87e04d0b19570a07baf3fa8be58da9,ok,200,1,1,"Ficha pública de vídeo de Bundesarchiv no EFG, com metadados audiovisuais.",
Bundesarchiv,bundesarchiv,Germany,Europe,DE-BArch,Federal archive with film archive holdings,https://www.bundesarchiv.de/en/research-our-records/research-by-media-type/films/,True,True,https://www.europeanfilmgateway.eu/search-efg/bundesarchiv,https://www.europeanfilmgateway.eu/detail/Der%20eiserne%20Film.%20Bilder%20aus%20Deutschlands%20Kriegsschmiede/barch::d984c725c1dfbdc21cbb39c69b549f2a,ok,200,1,1,"Ficha pública de vídeo de Bundesarchiv no EFG, com metadados audiovisuais.",
Bundesarchiv,bundesarchiv,Germany,Europe,DE-BArch,Federal archive with film archive holdings,https://www.bundesarchiv.de/en/research-our-records/research-by-media-type/films/,True,True,https://www.europeanfilmgateway.eu/search-efg/bundesarchiv,https://www.europeanfilmgateway.eu/detail/Infanterie-Nahkampf/barch::9978b5907ee579961160c24d88e6b4aa,ok,200,1,1,"Ficha pública de vídeo de Bundesarchiv no EFG, com metadados audiovisuais.",
Bundesarchiv,bundesarchiv,Germany,Europe,DE-BArch,Federal archive with film archive holdings,https://www.bundesarchiv.de/en/research-our-records/research-by-media-type/films/,True,True,https://www.europeanfilmgateway.eu/search-efg/bundesarchiv,https://www.europeanfilmgateway.eu/detail/Bilder%20aus%20der%20gro%C3%9Fen%20Schlacht.%204.%20Teil/barch::655de802bd4bab7948caf15711259dd8,ok,200,1,1,"Ficha pública de vídeo de Bundesarchiv no EFG, com metadados audiovisuais.",
Bundesarchiv,bundesarchiv,Germany,Europe,DE-BArch,Federal archive with film archive holdings,https://www.bundesarchiv.de/en/research-our-records/research-by-media-type/films/,True,True,https://www.europeanfilmgateway.eu/search-efg/bundesarchiv,https://www.europeanfilmgateway.eu/detail/Die%20Schlacht%20zwischen%20Aisne%20und%20Marne/barch::07cd32b4399618fd807ec0c673f8869b,ok,200,1,1,"Ficha pública de vídeo de Bundesarchiv no EFG, com metadados audiovisuais.",
Bundesarchiv,bundesarchiv,Germany,Europe,DE-BArch,Federal archive with film archive holdings,https://www.bundesarchiv.de/en/research-our-records/research-by-media-type/films/,True,True,https://www.europeanfilmgateway.eu/search-efg/bundesarchiv,https://www.europeanfilmgateway.eu/detail/Bilder%20aus%20der%20gro%C3%9Fen%20Schlacht.%203.%20Teil/barch::b0fddbab1a2f8517f6fbbeb8b68711d6,ok,200,1,1,"Ficha pública de vídeo de Bundesarchiv no EFG, com metadados audiovisuais.",
Bundesarchiv,bundesarchiv,Germany,Europe,DE-BArch,Federal archive with film archive holdings,https://www.bundesarchiv.de/en/research-our-records/research-by-media-type/films/,True,True,https://www.europeanfilmgateway.eu/search-efg/bundesarchiv,https://www.europeanfilmgateway.eu/detail/Der%20Kaiser%20bei%20unseren%20t%C3%BCrkischen%20Verb%C3%BCndeten/barch::b82b323bdf0550adc32364d5f0bed84b,ok,200,1,1,"Ficha pública de vídeo de Bundesarchiv no EFG, com metadados audiovisuais.",
Bundesarchiv,bundesarchiv,Germany,Europe,DE-BArch,Federal archive with film archive holdings,https://www.bundesarchiv.de/en/research-our-records/research-by-media-type/films/,True,True,https://www.europeanfilmgateway.eu/search-efg/bundesarchiv,https://www.europeanfilmgateway.eu/detail/Bilder%20aus%20der%20gro%C3%9Fen%20Schlacht.%202.%20Teil/barch::e0724888f78068db442daa4bfa87cf8e,ok,200,1,1,"Ficha pública de vídeo de Bundesarchiv no EFG, com metadados audiovisuais.",
Bundesarchiv,bundesarchiv,Germany,Europe,DE-BArch,Federal archive with film archive holdings,https://www.bundesarchiv.de/en/research-our-records/research-by-media-type/films/,True,True,https://www.europeanfilmgateway.eu/search-efg/bundesarchiv,https://www.europeanfilmgateway.eu/detail/Der%20feierliche%20Einzug%20der%20polnischen%20Legionen%20am%201.%20Dezember%201916%20in%20Warschau/barch::ba1ee7af9ab0bac97e7eb6031c78be30,ok,200,1,1,"Ficha pública de vídeo de Bundesarchiv no EFG, com metadados audiovisuais.",
Bundesarchiv,bundesarchiv,Germany,Europe,DE-BArch,Federal archive with film archive holdings,https://www.bundesarchiv.de/en/research-our-records/research-by-media-type/films/,True,True,https://www.europeanfilmgateway.eu/search-efg/bundesarchiv,https://www.europeanfilmgateway.eu/detail/Lille%20im%20dritten%20Kriegsjahr/barch::2f1bdcd2c7d9d543c588823a6c5153e8,ok,200,1,1,"Ficha pública de vídeo de Bundesarchiv no EFG, com metadados audiovisuais.",
Bundesarchiv,bundesarchiv,Germany,Europe,DE-BArch,Federal archive with film archive holdings,https://www.bundesarchiv.de/en/research-our-records/research-by-media-type/films/,True,True,https://www.europeanfilmgateway.eu/search-efg/bundesarchiv,https://www.europeanfilmgateway.eu/detail/Ein%20Kampftag%20in%20der%20Champagne/barch::626e10566f8bbabdce0257d3a58db371,ok,200,1,1,"Ficha pública de vídeo de Bundesarchiv no EFG, com metadados audiovisuais.",
Bundesarchiv,bundesarchiv,Germany,Europe,DE-BArch,Federal archive with film archive holdings,https://www.bundesarchiv.de/en/research-our-records/research-by-media-type/films/,True,True,https://www.europeanfilmgateway.eu/search-efg/bundesarchiv,https://www.europeanfilmgateway.eu/detail/Der%20Reichskanzler%20Graf%20Hertling%20im%20Gro%C3%9Fen%20Hauptquartier/barch::b4fef38c121c281f86ed054b77dd6d2b,ok,200,1,1,"Ficha pública de vídeo de Bundesarchiv no EFG, com metadados audiovisuais.",
Bundesarchiv,bundesarchiv,Germany,Europe,DE-BArch,Federal archive with film archive holdings,https://www.bundesarchiv.de/en/research-our-records/research-by-media-type/films/,True,True,https://www.europeanfilmgateway.eu/search-efg/bundesarchiv,https://www.europeanfilmgateway.eu/detail/Im%20Infanterieflugzeug%20%C3%BCber%20Laon%20und%20den%20Chemin%20des%20Dames/barch::bec08b896f2ce2a63e430e984331a360,ok,200,1,1,"Ficha pública de vídeo de Bundesarchiv no EFG, com metadados audiovisuais.",
Bundesarchiv,bundesarchiv,Germany,Europe,DE-BArch,Federal archive with film archive holdings,https://www.bundesarchiv.de/en/research-our-records/research-by-media-type/films/,True,True,https://www.europeanfilmgateway.eu/search-efg/bundesarchiv,https://www.europeanfilmgateway.eu/detail/Der%20feldgraue%20Groschen/barch::3df03cc5f90112ab093ab9ccb1c9185b,ok,200,1,1,"Ficha pública de vídeo de Bundesarchiv no EFG, com metadados audiovisuais.",
Bundesarchiv,bundesarchiv,Germany,Europe,DE-BArch,Federal archive with film archive holdings,https://www.bundesarchiv.de/en/research-our-records/research-by-media-type/films/,True,True,https://www.europeanfilmgateway.eu/search-efg/bundesarchiv,https://www.europeanfilmgateway.eu/detail/Der%20erste%20Friedensvertrag%20des%20Weltkrieges/barch::1427fae6c50d50b2fb96d8541ed0d4df,ok,200,1,1,"Ficha pública de vídeo de Bundesarchiv no EFG, com metadados audiovisuais.",
Bundesarchiv,bundesarchiv,Germany,Europe,DE-BArch,Federal archive with film archive holdings,https://www.bundesarchiv.de/en/research-our-records/research-by-media-type/films/,True,True,https://www.europeanfilmgateway.eu/search-efg/bundesarchiv,https://www.europeanfilmgateway.eu/detail/Der%20Tiergarten%20in%20Hannover/barch::e312e280828c7993f650842b0ed12df5,ok,200,1,1,"Ficha pública de vídeo de Bundesarchiv no EFG, com metadados audiovisuais.",
Bundesarchiv,bundesarchiv,Germany,Europe,DE-BArch,Federal archive with film archive holdings,https://www.bundesarchiv.de/en/research-our-records/research-by-media-type/films/,True,True,https://www.europeanfilmgateway.eu/search-efg/bundesarchiv,https://www.europeanfilmgateway.eu/detail/Im%20Flugzeug%20%C3%BCber%20den%20Kampfst%C3%A4tten%20der%20Flandernschlacht./barch::df75128a634e42d9b9379a2c796bed95,ok,200,1,1,"Ficha pública de vídeo de Bundesarchiv no EFG, com metadados audiovisuais.",
Bundesarchiv,bundesarchiv,Germany,Europe,DE-BArch,Federal archive with film archive holdings,https://www.bundesarchiv.de/en/research-our-records/research-by-media-type/films/,True,True,https://www.europeanfilmgateway.eu/search-efg/bundesarchiv,https://www.europeanfilmgateway.eu/detail/Probefahrt%20zweier%20Marineluftschiffe/barch::82ff06e3b56b9e4f27354d8338aac95a,ok,200,1,1,"Ficha pública de vídeo de Bundesarchiv no EFG, com metadados audiovisuais.",
Bundesarchiv,bundesarchiv,Germany,Europe,DE-BArch,Federal archive with film archive holdings,https://www.bundesarchiv.de/en/research-our-records/research-by-media-type/films/,True,True,https://www.europeanfilmgateway.eu/search-efg/bundesarchiv,https://www.europeanfilmgateway.eu/detail/Der%20deutsche%20Vormarsch%20zur%20Marne/barch::8576918dde16755f82d3df568c5c1f9c,ok,200,1,1,"Ficha pública de vídeo de Bundesarchiv no EFG, com metadados audiovisuais.",
Bundesarchiv,bundesarchiv,Germany,Europe,DE-BArch,Federal archive with film archive holdings,https://www.bundesarchiv.de/en/research-our-records/research-by-media-type/films/,True,True,https://www.europeanfilmgateway.eu/search-efg/bundesarchiv,https://www.europeanfilmgateway.eu/detail/Im%20Flugzeug%20%C3%BCber%20Travem%C3%BCnde/barch::e7bf03e550bae0370104fbe6035f68a6,ok,200,1,1,"Ficha pública de vídeo de Bundesarchiv no EFG, com metadados audiovisuais.",
Bundesarchiv,bundesarchiv,Germany,Europe,DE-BArch,Federal archive with film archive holdings,https://www.bundesarchiv.de/en/research-our-records/research-by-media-type/films/,True,True,https://www.europeanfilmgateway.eu/search-efg/bundesarchiv,https://www.europeanfilmgateway.eu/detail/Ein%20Flug%20%C3%BCber%20Laon/barch::c630bc8500dccab29682ec200eaa03e1,ok,200,1,1,"Ficha pública de vídeo de Bundesarchiv no EFG, com metadados audiovisuais.",
Bundesarchiv,bundesarchiv,Germany,Europe,DE-BArch,Federal archive with film archive holdings,https://www.bundesarchiv.de/en/research-our-records/research-by-media-type/films/,True,True,https://www.europeanfilmgateway.eu/search-efg/bundesarchiv,https://www.europeanfilmgateway.eu/detail/Hinter%20der%20Westfront/barch::acc53390cab08b979141466b8d820e00,ok,200,1,1,"Ficha pública de vídeo de Bundesarchiv no EFG, com metadados audiovisuais.",
Bundesarchiv,bundesarchiv,Germany,Europe,DE-BArch,Federal archive with film archive holdings,https://www.bundesarchiv.de/en/research-our-records/research-by-media-type/films/,True,True,https://www.europeanfilmgateway.eu/search-efg/bundesarchiv,https://www.europeanfilmgateway.eu/detail/Bei%20einer%20Luftschifferabteilung%20im%20Westen/barch::5eb32e845be2890b18248b6aa933a238,ok,200,1,1,"Ficha pública de vídeo de Bundesarchiv no EFG, com metadados audiovisuais.",
Bundesarchiv,bundesarchiv,Germany,Europe,DE-BArch,Federal archive with film archive holdings,https://www.bundesarchiv.de/en/research-our-records/research-by-media-type/films/,True,True,https://www.europeanfilmgateway.eu/search-efg/bundesarchiv,https://www.europeanfilmgateway.eu/detail/Die%20R%C3%A4umung%20einer%20Stadt%20im%20bedrohten%20Gebiet/barch::79a3c825ef93ca5a488f80db265035ae,ok,200,1,1,"Ficha pública de vídeo de Bundesarchiv no EFG, com metadados audiovisuais.",
Bundesarchiv,bundesarchiv,Germany,Europe,DE-BArch,Federal archive with film archive holdings,https://www.bundesarchiv.de/en/research-our-records/research-by-media-type/films/,True,True,https://www.europeanfilmgateway.eu/search-efg/bundesarchiv,https://www.europeanfilmgateway.eu/detail/Kraftwagen%20Flaks/barch::02b3a76cf3d21f172b066707786e7ef9,ok,200,1,1,"Ficha pública de vídeo de Bundesarchiv no EFG, com metadados audiovisuais.",
Bundesarchiv,bundesarchiv,Germany,Europe,DE-BArch,Federal archive with film archive holdings,https://www.bundesarchiv.de/en/research-our-records/research-by-media-type/films/,True,True,https://www.europeanfilmgateway.eu/search-efg/bundesarchiv,https://www.europeanfilmgateway.eu/detail/Einschie%C3%9Fen%20von%2021-Zentimeter-M%C3%B6rsern%20mit%20Ballonbeobachtung%20an%20der%20Westfront/barch::7d47bbc8429d3ad8b8f3e5fd69129a09,ok,200,1,1,"Ficha pública de vídeo de Bundesarchiv no EFG, com metadados audiovisuais.",
Bundesarchiv,bundesarchiv,Germany,Europe,DE-BArch,Federal archive with film archive holdings,https://www.bundesarchiv.de/en/research-our-records/research-by-media-type/films/,True,True,https://www.europeanfilmgateway.eu/search-efg/bundesarchiv,https://www.europeanfilmgateway.eu/detail/In%20und%20um%20St.%20Quentin/barch::071b4ea6993af7fbff0f1b5b18ead795,ok,200,1,1,"Ficha pública de vídeo de Bundesarchiv no EFG, com metadados audiovisuais.",
Bundesarchiv,bundesarchiv,Germany,Europe,DE-BArch,Federal archive with film archive holdings,https://www.bundesarchiv.de/en/research-our-records/research-by-media-type/films/,True,True,https://www.europeanfilmgateway.eu/search-efg/bundesarchiv,https://www.europeanfilmgateway.eu/detail/Die%20eroberte%20Festung%20D%C3%BCnam%C3%BCnde/barch::c9a6777f556a961c0080cef2762920dd,ok,200,1,1,"Ficha pública de vídeo de Bundesarchiv no EFG, com metadados audiovisuais.",
Bundesarchiv,bundesarchiv,Germany,Europe,DE-BArch,Federal archive with film archive holdings,https://www.bundesarchiv.de/en/research-our-records/research-by-media-type/films/,True,True,https://www.europeanfilmgateway.eu/search-efg/bundesarchiv,https://www.europeanfilmgateway.eu/detail/Im%20Lazarett%20Assfeld%20in%20Sedan/barch::aaf2c3f2b9ea2c1bf085e86c711b0b1a,ok,200,1,1,"Ficha pública de vídeo de Bundesarchiv no EFG, com metadados audiovisuais.",
Bundesarchiv,bundesarchiv,Germany,Europe,DE-BArch,Federal archive with film archive holdings,https://www.bundesarchiv.de/en/research-our-records/research-by-media-type/films/,True,True,https://www.europeanfilmgateway.eu/search-efg/bundesarchiv,https://www.europeanfilmgateway.eu/detail/K%C3%A4mpfe%20bei%20Lens%20und%20Oppy/barch::01e012bf3702911a885a20c9273263fb,ok,200,1,1,"Ficha pública de vídeo de Bundesarchiv no EFG, com metadados audiovisuais.",
Bundesarchiv,bundesarchiv,Germany,Europe,DE-BArch,Federal archive with film archive holdings,https://www.bundesarchiv.de/en/research-our-records/research-by-media-type/films/,True,True,https://www.europeanfilmgateway.eu/search-efg/bundesarchiv,https://www.europeanfilmgateway.eu/detail/Messter-Woche%20Nr.%2023/barch::4d10728672cd8582ffe70e3b2ddd230c,ok,200,1,1,"Ficha pública de vídeo de Bundesarchiv no EFG, com metadados audiovisuais.",
Bundesarchiv,bundesarchiv,Germany,Europe,DE-BArch,Federal archive with film archive holdings,https://www.bundesarchiv.de/en/research-our-records/research-by-media-type/films/,True,True,https://www.europeanfilmgateway.eu/search-efg/bundesarchiv,https://www.europeanfilmgateway.eu/detail/Oesel%20genommen/barch::5c097639fc92784e78f24112f231907e,ok,200,1,1,"Ficha pública de vídeo de Bundesarchiv no EFG, com metadados audiovisuais.",
Bundesarchiv,bundesarchiv,Germany,Europe,DE-BArch,Federal archive with film archive holdings,https://www.bundesarchiv.de/en/research-our-records/research-by-media-type/films/,True,True,https://www.europeanfilmgateway.eu/search-efg/bundesarchiv,https://www.europeanfilmgateway.eu/detail/Riesenflugzeuge%20der%20Zeppelin-Werke%20in%20Berlin-Staaken%20bei%20Spandau/barch::8451dbfbdc908816b04ff5b9390784fe,ok,200,1,1,"Ficha pública de vídeo de Bundesarchiv no EFG, com metadados audiovisuais.",
Bundesarchiv,bundesarchiv,Germany,Europe,DE-BArch,Federal archive with film archive holdings,https://www.bundesarchiv.de/en/research-our-records/research-by-media-type/films/,True,True,https://www.europeanfilmgateway.eu/search-efg/bundesarchiv,https://www.europeanfilmgateway.eu/detail/Wiederert%C3%BCchtigung%20schwerbesch%C3%A4digter%20Industriearbeiter/barch::ad7f8179cd3f8e7a937e3c0b8414b278,ok,200,1,1,"Ficha pública de vídeo de Bundesarchiv no EFG, com metadados audiovisuais.",
Bundesarchiv,bundesarchiv,Germany,Europe,DE-BArch,Federal archive with film archive holdings,https://www.bundesarchiv.de/en/research-our-records/research-by-media-type/films/,True,True,https://www.europeanfilmgateway.eu/search-efg/bundesarchiv,https://www.europeanfilmgateway.eu/detail/Kaiserliche%20Kriegsmarine/barch::af0105eeaac866db6d6dd13edf205128,ok,200,1,1,"Ficha pública de vídeo de Bundesarchiv no EFG, com metadados audiovisuais.",
Bundesarchiv,bundesarchiv,Germany,Europe,DE-BArch,Federal archive with film archive holdings,https://www.bundesarchiv.de/en/research-our-records/research-by-media-type/films/,True,True,https://www.europeanfilmgateway.eu/search-efg/bundesarchiv,https://www.europeanfilmgateway.eu/detail/R%C3%BCckkehr%20von%20verwundeten%20Austausch-Gefangenen/barch::a987309c0278f386ab04302172f652f5,ok,200,1,1,"Ficha pública de vídeo de Bundesarchiv no EFG, com metadados audiovisuais.",
Bundesarchiv,bundesarchiv,Germany,Europe,DE-BArch,Federal archive with film archive holdings,https://www.bundesarchiv.de/en/research-our-records/research-by-media-type/films/,True,True,https://www.europeanfilmgateway.eu/search-efg/bundesarchiv,https://www.europeanfilmgateway.eu/detail/Die%20Zerst%C3%B6rungen%20in%20St.%20Quentin/barch::18db140957943110cdcaff0a29a86c30,ok,200,1,1,"Ficha pública de vídeo de Bundesarchiv no EFG, com metadados audiovisuais.",
Bundesarchiv,bundesarchiv,Germany,Europe,DE-BArch,Federal archive with film archive holdings,https://www.bundesarchiv.de/en/research-our-records/research-by-media-type/films/,True,True,https://www.europeanfilmgateway.eu/search-efg/bundesarchiv,https://www.europeanfilmgateway.eu/detail/Treibriemen%20aus%20Pappe%20und%20Eisen/barch::ec52a49bce11b37b214f40d5fac8b825,ok,200,1,1,"Ficha pública de vídeo de Bundesarchiv no EFG, com metadados audiovisuais.",
Bundesarchiv,bundesarchiv,Germany,Europe,DE-BArch,Federal archive with film archive holdings,https://www.bundesarchiv.de/en/research-our-records/research-by-media-type/films/,True,True,https://www.europeanfilmgateway.eu/search-efg/bundesarchiv,https://www.europeanfilmgateway.eu/detail/Die%20%C3%B6sterreichisch-ungarische%20Kriegsmarine%20im%20Weltkrieg/barch::eaa984cd12e16c54e72e3c09f4b98f11,ok,200,1,1,"Ficha pública de vídeo de Bundesarchiv no EFG, com metadados audiovisuais.",
Bundesarchiv,bundesarchiv,Germany,Europe,DE-BArch,Federal archive with film archive holdings,https://www.bundesarchiv.de/en/research-our-records/research-by-media-type/films/,True,True,https://www.europeanfilmgateway.eu/search-efg/bundesarchiv,https://www.europeanfilmgateway.eu/detail/Unsere%20Nachrichtentruppen/barch::9d7c4fb73934c8f60e6e5d84d638cf7b,ok,200,1,1,"Ficha pública de vídeo de Bundesarchiv no EFG, com metadados audiovisuais.",
Bundesarchiv,bundesarchiv,Germany,Europe,DE-BArch,Federal archive with film archive holdings,https://www.bundesarchiv.de/en/research-our-records/research-by-media-type/films/,True,True,https://www.europeanfilmgateway.eu/search-efg/bundesarchiv,https://www.europeanfilmgateway.eu/detail/Messter-Woche%20Nr.%2012/barch::c5283fcc47b066f4f174c04d88af82bf,ok,200,1,1,"Ficha pública de vídeo de Bundesarchiv no EFG, com metadados audiovisuais.",
Bundesarchiv,bundesarchiv,Germany,Europe,DE-BArch,Federal archive with film archive holdings,https://www.bundesarchiv.de/en/research-our-records/research-by-media-type/films/,True,True,https://www.europeanfilmgateway.eu/search-efg/bundesarchiv,https://www.europeanfilmgateway.eu/detail/Messter-Woche%20Nr.%2045/barch::935359dc7945bbbd5e27991954faec9b,ok,200,1,1,"Ficha pública de vídeo de Bundesarchiv no EFG, com metadados audiovisuais.",
Bundesarchiv,bundesarchiv,Germany,Europe,DE-BArch,Federal archive with film archive holdings,https://www.bundesarchiv.de/en/research-our-records/research-by-media-type/films/,True,True,https://www.europeanfilmgateway.eu/search-efg/bundesarchiv,https://www.europeanfilmgateway.eu/detail/Rentier%20Kulicke's%20Flug%20zur%20Front/barch::6757806208a0db824995a21a5f08093c,ok,200,1,1,"Ficha pública de vídeo de Bundesarchiv no EFG, com metadados audiovisuais.",
Bundesarchiv,bundesarchiv,Germany,Europe,DE-BArch,Federal archive with film archive holdings,https://www.bundesarchiv.de/en/research-our-records/research-by-media-type/films/,True,True,https://www.europeanfilmgateway.eu/search-efg/bundesarchiv,https://www.europeanfilmgateway.eu/detail/Messter-Woche%20Nr.%206/barch::3039862f1782e4144a30904c5246e298,ok,200,1,1,"Ficha pública de vídeo de Bundesarchiv no EFG, com metadados audiovisuais.",
Bundesarchiv,bundesarchiv,Germany,Europe,DE-BArch,Federal archive with film archive holdings,https://www.bundesarchiv.de/en/research-our-records/research-by-media-type/films/,True,True,https://www.europeanfilmgateway.eu/search-efg/bundesarchiv,https://www.europeanfilmgateway.eu/detail/Messter-Woche%20Nr./barch::d6f53d8427b785b285e7b2090d55e808,ok,200,1,1,"Ficha pública de vídeo de Bundesarchiv no EFG, com metadados audiovisuais.",
Bundesarchiv,bundesarchiv,Germany,Europe,DE-BArch,Federal archive with film archive holdings,https://www.bundesarchiv.de/en/research-our-records/research-by-media-type/films/,True,True,https://www.europeanfilmgateway.eu/search-efg/bundesarchiv,https://www.europeanfilmgateway.eu/detail/Die%20baltische%20Hafenstadt%20Reval/barch::520ef2d1b067ccb317ac38d34ea2a337,ok,200,1,1,"Ficha pública de vídeo de Bundesarchiv no EFG, com metadados audiovisuais.",
Bundesarchiv,bundesarchiv,Germany,Europe,DE-BArch,Federal archive with film archive holdings,https://www.bundesarchiv.de/en/research-our-records/research-by-media-type/films/,True,True,https://www.europeanfilmgateway.eu/search-efg/bundesarchiv,https://www.europeanfilmgateway.eu/detail/Flakschule%20in%20Blankenberghe/barch::c18a5e9681dc9379ecb22fb7eb3c443e,ok,200,1,1,"Ficha pública de vídeo de Bundesarchiv no EFG, com metadados audiovisuais.",
Bundesarchiv,bundesarchiv,Germany,Europe,DE-BArch,Federal archive with film archive holdings,https://www.bundesarchiv.de/en/research-our-records/research-by-media-type/films/,True,True,https://www.europeanfilmgateway.eu/search-efg/bundesarchiv,https://www.europeanfilmgateway.eu/detail/Bilder%20aus%20der%20gro%C3%9Fen%20Schlacht%20im%20Westen%205.%20Teil/barch::7053775ee1337fd9aeb99a2d00cf96f7,ok,200,1,1,"Ficha pública de vídeo de Bundesarchiv no EFG, com metadados audiovisuais.",
Bundesarchiv,bundesarchiv,Germany,Europe,DE-BArch,Federal archive with film archive holdings,https://www.bundesarchiv.de/en/research-our-records/research-by-media-type/films/,True,True,https://www.europeanfilmgateway.eu/search-efg/bundesarchiv,https://www.europeanfilmgateway.eu/detail/Mit%20der%20Feldbahn%20an%20der%20Front%20im%20Westen/barch::d74fc8af13fdf476af89b85f210577ec,ok,200,1,1,"Ficha pública de vídeo de Bundesarchiv no EFG, com metadados audiovisuais.",
Bundesarchiv,bundesarchiv,Germany,Europe,DE-BArch,Federal archive with film archive holdings,https://www.bundesarchiv.de/en/research-our-records/research-by-media-type/films/,True,True,https://www.europeanfilmgateway.eu/search-efg/bundesarchiv,https://www.europeanfilmgateway.eu/detail/Sammelt%20Knochen/barch::c366dd5b76ab161f67a64ad7d6e54302,ok,200,1,1,"Ficha pública de vídeo de Bundesarchiv no EFG, com metadados audiovisuais.",
Bundesarchiv,bundesarchiv,Germany,Europe,DE-BArch,Federal archive with film archive holdings,https://www.bundesarchiv.de/en/research-our-records/research-by-media-type/films/,True,True,https://www.europeanfilmgateway.eu/search-efg/bundesarchiv,https://www.europeanfilmgateway.eu/detail/Die%20Befreiung%20der%20Bukowina/barch::c34086e295e1491e090d7a5870638d9b,ok,200,1,1,"Ficha pública de vídeo de Bundesarchiv no EFG, com metadados audiovisuais.",
Bundesarchiv,bundesarchiv,Germany,Europe,DE-BArch,Federal archive with film archive holdings,https://www.bundesarchiv.de/en/research-our-records/research-by-media-type/films/,True,True,https://www.europeanfilmgateway.eu/search-efg/bundesarchiv,"https://www.europeanfilmgateway.eu/detail/Proklamation%20des%20neuen%20K%C3%B6nigreichs%20Polen,%20Warschau,%20den%205.%20November%201916%20(1916)/barch::72519ec16f97d6da5a053cda3f0e432a",ok,200,1,1,"Ficha pública de vídeo de Bundesarchiv no EFG, com metadados audiovisuais.",
Bundesarchiv,bundesarchiv,Germany,Europe,DE-BArch,Federal archive with film archive holdings,https://www.bundesarchiv.de/en/research-our-records/research-by-media-type/films/,True,True,https://www.europeanfilmgateway.eu/search-efg/bundesarchiv,https://www.europeanfilmgateway.eu/detail/Wie%20Frankreich%20das%20Elsa%C3%9F%20befreit/barch::90885dc563a588c84c6025b393ce61a9,ok,200,1,1,"Ficha pública de vídeo de Bundesarchiv no EFG, com metadados audiovisuais.",
Bundesarchiv,bundesarchiv,Germany,Europe,DE-BArch,Federal archive with film archive holdings,https://www.bundesarchiv.de/en/research-our-records/research-by-media-type/films/,True,True,https://www.europeanfilmgateway.eu/search-efg/bundesarchiv,https://www.europeanfilmgateway.eu/detail/Die%20Zauberschere/barch::cd03e70b6d2af42065eb3799369f0588,ok,200,1,1,"Ficha pública de vídeo de Bundesarchiv no EFG, com metadados audiovisuais.",
Bundesarchiv,bundesarchiv,Germany,Europe,DE-BArch,Federal archive with film archive holdings,https://www.bundesarchiv.de/en/research-our-records/research-by-media-type/films/,True,True,https://www.europeanfilmgateway.eu/search-efg/bundesarchiv,https://www.europeanfilmgateway.eu/detail/Kino%20als%20Berater/barch::f18e26be3803ce4cd9a15d7a54ef849b,ok,200,1,1,"Ficha pública de vídeo de Bundesarchiv no EFG, com metadados audiovisuais.",
Bundesarchiv,bundesarchiv,Germany,Europe,DE-BArch,Federal archive with film archive holdings,https://www.bundesarchiv.de/en/research-our-records/research-by-media-type/films/,True,True,https://www.europeanfilmgateway.eu/search-efg/bundesarchiv,https://www.europeanfilmgateway.eu/detail/Das%20Gebot%20der%20Stunde/barch::994f1a7bbe5a071c9137f1b5f7620c0b,ok,200,1,1,"Ficha pública de vídeo de Bundesarchiv no EFG, com metadados audiovisuais.",
Bundesarchiv,bundesarchiv,Germany,Europe,DE-BArch,Federal archive with film archive holdings,https://www.bundesarchiv.de/en/research-our-records/research-by-media-type/films/,True,True,https://www.europeanfilmgateway.eu/search-efg/bundesarchiv,https://www.europeanfilmgateway.eu/detail/Das%20Geheimnis%20des%20Tanks/barch::92dfac3b52ef5aa169de549ebf8f9ce9,ok,200,1,1,"Ficha pública de vídeo de Bundesarchiv no EFG, com metadados audiovisuais.",
Bundesarchiv,bundesarchiv,Germany,Europe,DE-BArch,Federal archive with film archive holdings,https://www.bundesarchiv.de/en/research-our-records/research-by-media-type/films/,True,True,https://www.europeanfilmgateway.eu/search-efg/bundesarchiv,https://www.europeanfilmgateway.eu/detail/Deutschlands%20Volksverm%C3%B6gen/barch::25fb6dc1feda45f305ff662e398eacf6,ok,200,1,1,"Ficha pública de vídeo de Bundesarchiv no EFG, com metadados audiovisuais.",
Bundesarchiv,bundesarchiv,Germany,Europe,DE-BArch,Federal archive with film archive holdings,https://www.bundesarchiv.de/en/research-our-records/research-by-media-type/films/,True,True,https://www.europeanfilmgateway.eu/search-efg/bundesarchiv,https://www.europeanfilmgateway.eu/detail/Die%20Hochofenwerke%20der%20Gutehoffnungsh%C3%BCtte/barch::7858f7cef09398e33d8c7240b4ba39ca,ok,200,1,1,"Ficha pública de vídeo de Bundesarchiv no EFG, com metadados audiovisuais.",
Bundesarchiv,bundesarchiv,Germany,Europe,DE-BArch,Federal archive with film archive holdings,https://www.bundesarchiv.de/en/research-our-records/research-by-media-type/films/,True,True,https://www.europeanfilmgateway.eu/search-efg/bundesarchiv,https://www.europeanfilmgateway.eu/detail/Ein%20Boxkampf%20mit%20John%20Bull/barch::bdf955dbf8f97f7b6f5455a5ac18fc78,ok,200,1,1,"Ficha pública de vídeo de Bundesarchiv no EFG, com metadados audiovisuais.",
Bundesarchiv,bundesarchiv,Germany,Europe,DE-BArch,Federal archive with film archive holdings,https://www.bundesarchiv.de/en/research-our-records/research-by-media-type/films/,True,True,https://www.europeanfilmgateway.eu/search-efg/bundesarchiv,https://www.europeanfilmgateway.eu/detail/Worauf%20wir%20vertrauen/barch::a25677f66846e3731888d02a70c01da9,ok,200,1,1,"Ficha pública de vídeo de Bundesarchiv no EFG, com metadados audiovisuais.",
Bundesarchiv,bundesarchiv,Germany,Europe,DE-BArch,Federal archive with film archive holdings,https://www.bundesarchiv.de/en/research-our-records/research-by-media-type/films/,True,True,https://www.europeanfilmgateway.eu/search-efg/bundesarchiv,https://www.europeanfilmgateway.eu/detail/Die%20Wirkung%20der%20Hungerblockade%20auf%20die%20Volksgesundheit/barch::00b722867e8d8167d405ae2de5e062de,ok,200,1,1,"Ficha pública de vídeo de Bundesarchiv no EFG, com metadados audiovisuais.",
Bundesarchiv,bundesarchiv,Germany,Europe,DE-BArch,Federal archive with film archive holdings,https://www.bundesarchiv.de/en/research-our-records/research-by-media-type/films/,True,True,https://www.europeanfilmgateway.eu/search-efg/bundesarchiv,https://www.europeanfilmgateway.eu/detail/S.M.%20Hilfskreuzer%20Wolf/barch::bd08cecbe7b53236f26fddcb84312674,ok,200,1,1,"Ficha pública de vídeo de Bundesarchiv no EFG, com metadados audiovisuais.",
Bundesarchiv,bundesarchiv,Germany,Europe,DE-BArch,Federal archive with film archive holdings,https://www.bundesarchiv.de/en/research-our-records/research-by-media-type/films/,True,True,https://www.europeanfilmgateway.eu/search-efg/bundesarchiv,https://www.europeanfilmgateway.eu/detail/Wanderung%20in%20einer%20mechan.%20Werkst%C3%A4tte/barch::574ef7334ab26ea1a9f6d0cc1f6bfd6d,ok,200,1,1,"Ficha pública de vídeo de Bundesarchiv no EFG, com metadados audiovisuais.",
Bundesarchiv,bundesarchiv,Germany,Europe,DE-BArch,Federal archive with film archive holdings,https://www.bundesarchiv.de/en/research-our-records/research-by-media-type/films/,True,True,https://www.europeanfilmgateway.eu/search-efg/bundesarchiv,https://www.europeanfilmgateway.eu/detail/John%20Bull/barch::e92043bb0fcf2ccb8f39d1b5d9e193c5,ok,200,1,1,"Ficha pública de vídeo de Bundesarchiv no EFG, com metadados audiovisuais.",
Bundesarchiv,bundesarchiv,Germany,Europe,DE-BArch,Federal archive with film archive holdings,https://www.bundesarchiv.de/en/research-our-records/research-by-media-type/films/,True,True,https://www.europeanfilmgateway.eu/search-efg/bundesarchiv,https://www.europeanfilmgateway.eu/detail/Ein%20im%20Mittelpunkt%20des%20Interesses%20stehendes%20Geb%C3%A4ude:%20Die%20Reichsbank%20in%20Berlin/barch::b3dbe7a265687a39b35fcbf92e43874e,ok,200,1,1,"Ficha pública de vídeo de Bundesarchiv no EFG, com metadados audiovisuais.",
Bundesarchiv,bundesarchiv,Germany,Europe,DE-BArch,Federal archive with film archive holdings,https://www.bundesarchiv.de/en/research-our-records/research-by-media-type/films/,True,True,https://www.europeanfilmgateway.eu/search-efg/bundesarchiv,https://www.europeanfilmgateway.eu/detail/Der%20beste%20Schu%C3%9F/barch::f33c7ffc8e02f8e6ee01f28f0b4918fd,ok,200,1,1,"Ficha pública de vídeo de Bundesarchiv no EFG, com metadados audiovisuais.",
Bundesarchiv,bundesarchiv,Germany,Europe,DE-BArch,Federal archive with film archive holdings,https://www.bundesarchiv.de/en/research-our-records/research-by-media-type/films/,True,True,https://www.europeanfilmgateway.eu/search-efg/bundesarchiv,https://www.europeanfilmgateway.eu/detail/Kriegsflieger%20an%20der%20Westfront/barch::db7a8a3a4164337a894d95daf54c1334,ok,200,1,1,"Ficha pública de vídeo de Bundesarchiv no EFG, com metadados audiovisuais.",
Bundesarchiv,bundesarchiv,Germany,Europe,DE-BArch,Federal archive with film archive holdings,https://www.bundesarchiv.de/en/research-our-records/research-by-media-type/films/,True,True,https://www.europeanfilmgateway.eu/search-efg/bundesarchiv,https://www.europeanfilmgateway.eu/detail/Nach%20der%20Tankschlacht%20bei%20Cambrai%20Dezember%201917/barch::3281d5268cf463c8d19cc500cfc86301,ok,200,1,1,"Ficha pública de vídeo de Bundesarchiv no EFG, com metadados audiovisuais.",
Bundesarchiv,bundesarchiv,Germany,Europe,DE-BArch,Federal archive with film archive holdings,https://www.bundesarchiv.de/en/research-our-records/research-by-media-type/films/,True,True,https://www.europeanfilmgateway.eu/search-efg/bundesarchiv,https://www.europeanfilmgateway.eu/detail/St%C3%A4dte%20an%20der%20Westfront/barch::e13141a66a9040bf6487a0c82e40e729,ok,200,1,1,"Ficha pública de vídeo de Bundesarchiv no EFG, com metadados audiovisuais.",
Bundesarchiv,bundesarchiv,Germany,Europe,DE-BArch,Federal archive with film archive holdings,https://www.bundesarchiv.de/en/research-our-records/research-by-media-type/films/,True,True,https://www.europeanfilmgateway.eu/search-efg/bundesarchiv,https://www.europeanfilmgateway.eu/detail/Kampfszenen%20aus%20der%20Schlacht%20an%20der%20Somme/barch::84fc2cab5576f0bd35ca0e9d3ffd5885,ok,200,1,1,"Ficha pública de vídeo de Bundesarchiv no EFG, com metadados audiovisuais.",
Bundesarchiv,bundesarchiv,Germany,Europe,DE-BArch,Federal archive with film archive holdings,https://www.bundesarchiv.de/en/research-our-records/research-by-media-type/films/,True,True,https://www.europeanfilmgateway.eu/search-efg/bundesarchiv,https://www.europeanfilmgateway.eu/detail/Gesch%C3%BCtz-Reparaturwerkstatt%20hinter%20der%20Westfront/barch::164a8201a019afcc7fe40dfc26175081,ok,200,1,1,"Ficha pública de vídeo de Bundesarchiv no EFG, com metadados audiovisuais.",
Bundesarchiv,bundesarchiv,Germany,Europe,DE-BArch,Federal archive with film archive holdings,https://www.bundesarchiv.de/en/research-our-records/research-by-media-type/films/,True,True,https://www.europeanfilmgateway.eu/search-efg/bundesarchiv,https://www.europeanfilmgateway.eu/detail/Erzherzog%20Joseph%20auf%20dem%20Kriegsschauplatz/barch::80228209e7837510e8f8f34d2cf3bbb5,ok,200,1,1,"Ficha pública de vídeo de Bundesarchiv no EFG, com metadados audiovisuais.",
Bundesarchiv,bundesarchiv,Germany,Europe,DE-BArch,Federal archive with film archive holdings,https://www.bundesarchiv.de/en/research-our-records/research-by-media-type/films/,True,True,https://www.europeanfilmgateway.eu/search-efg/bundesarchiv,https://www.europeanfilmgateway.eu/detail/Deutsches%20U-Boot%20auf%20Kaperfahrt/barch::45253f7312e8f7d8650ac605908c7b81,ok,200,1,1,"Ficha pública de vídeo de Bundesarchiv no EFG, com metadados audiovisuais.",
Bundesarchiv,bundesarchiv,Germany,Europe,DE-BArch,Federal archive with film archive holdings,https://www.bundesarchiv.de/en/research-our-records/research-by-media-type/films/,True,True,https://www.europeanfilmgateway.eu/search-efg/bundesarchiv,https://www.europeanfilmgateway.eu/detail/Am%20Rande%20der%20Welt/barch::a61c31c8ce5ace05d882127d65fa5d1c,ok,200,1,1,"Ficha pública de vídeo de Bundesarchiv no EFG, com metadados audiovisuais.",
Bundesarchiv,bundesarchiv,Germany,Europe,DE-BArch,Federal archive with film archive holdings,https://www.bundesarchiv.de/en/research-our-records/research-by-media-type/films/,True,True,https://www.europeanfilmgateway.eu/search-efg/bundesarchiv,https://www.europeanfilmgateway.eu/detail/Aus%20eigener%20Kraft.%20Ein%20Filmspiel%20vom%20Auto/barch::473bec1924cf1856be99f8cb7f8af622,ok,200,1,1,"Ficha pública de vídeo de Bundesarchiv no EFG, com metadados audiovisuais.",
Bundesarchiv,bundesarchiv,Germany,Europe,DE-BArch,Federal archive with film archive holdings,https://www.bundesarchiv.de/en/research-our-records/research-by-media-type/films/,True,True,https://www.europeanfilmgateway.eu/search-efg/bundesarchiv,https://www.europeanfilmgateway.eu/detail/Das%20fidele%20Gef%C3%A4ngnis/barch::33a6ed5532e8b878cec2c4877476f601,ok,200,1,1,"Ficha pública de vídeo de Bundesarchiv no EFG, com metadados audiovisuais.",
Bundesarchiv,bundesarchiv,Germany,Europe,DE-BArch,Federal archive with film archive holdings,https://www.bundesarchiv.de/en/research-our-records/research-by-media-type/films/,True,True,https://www.europeanfilmgateway.eu/search-efg/bundesarchiv,https://www.europeanfilmgateway.eu/detail/Zwei%20blaue%20Jungen/barch::d53f03244b96a69d861585618a8f34b0,ok,200,1,1,"Ficha pública de vídeo de Bundesarchiv no EFG, com metadados audiovisuais.",
Bundesarchiv,bundesarchiv,Germany,Europe,DE-BArch,Federal archive with film archive holdings,https://www.bundesarchiv.de/en/research-our-records/research-by-media-type/films/,True,True,https://www.europeanfilmgateway.eu/search-efg/bundesarchiv,https://www.europeanfilmgateway.eu/detail/Heimkehr/barch::a4482b080f71079778c6564c8f261b51,ok,200,1,1,"Ficha pública de vídeo de Bundesarchiv no EFG, com metadados audiovisuais.",
Bundesarchiv,bundesarchiv,Germany,Europe,DE-BArch,Federal archive with film archive holdings,https://www.bundesarchiv.de/en/research-our-records/research-by-media-type/films/,True,True,https://www.europeanfilmgateway.eu/search-efg/bundesarchiv,https://www.europeanfilmgateway.eu/detail/Zu%20den%20K%C3%A4mpfen%20um%20Tarnopol/barch::643487f47e477a0c9648286a40cb0785,ok,200,1,1,"Ficha pública de vídeo de Bundesarchiv no EFG, com metadados audiovisuais.",
Bundesarchiv,bundesarchiv,Germany,Europe,DE-BArch,Federal archive with film archive holdings,https://www.bundesarchiv.de/en/research-our-records/research-by-media-type/films/,True,True,https://www.europeanfilmgateway.eu/search-efg/bundesarchiv,https://www.europeanfilmgateway.eu/detail/Transport%20der%20Weihnachts-Kriegerspende%20der%20U.T.%20-%20Besucher/barch::2f52622a3b112f743898d2dca21d60a2,ok,200,1,1,"Ficha pública de vídeo de Bundesarchiv no EFG, com metadados audiovisuais.",
Bundesarchiv,bundesarchiv,Germany,Europe,DE-BArch,Federal archive with film archive holdings,https://www.bundesarchiv.de/en/research-our-records/research-by-media-type/films/,True,True,https://www.europeanfilmgateway.eu/search-efg/bundesarchiv,https://www.europeanfilmgateway.eu/detail/Die%20Zauberflasche/barch::1b8a6deb50dd1dc6d61b4407f73c785d,ok,200,1,1,"Ficha pública de vídeo de Bundesarchiv no EFG, com metadados audiovisuais.",
Bundesarchiv,bundesarchiv,Germany,Europe,DE-BArch,Federal archive with film archive holdings,https://www.bundesarchiv.de/en/research-our-records/research-by-media-type/films/,True,True,https://www.europeanfilmgateway.eu/search-efg/bundesarchiv,https://www.europeanfilmgateway.eu/detail/Messter-Woche%20Nr.%2042/barch::dacab66c58517c4a7c314f39395fa810,ok,200,1,1,"Ficha pública de vídeo de Bundesarchiv no EFG, com metadados audiovisuais.",
Bundesarchiv,bundesarchiv,Germany,Europe,DE-BArch,Federal archive with film archive holdings,https://www.bundesarchiv.de/en/research-our-records/research-by-media-type/films/,True,True,https://www.europeanfilmgateway.eu/search-efg/bundesarchiv,https://www.europeanfilmgateway.eu/detail/Messter-Woche/barch::b3e356e08a68f6baf3c09e2c1c572a7a,ok,200,1,1,"Ficha pública de vídeo de Bundesarchiv no EFG, com metadados audiovisuais.",
Bundesarchiv,bundesarchiv,Germany,Europe,DE-BArch,Federal archive with film archive holdings,https://www.bundesarchiv.de/en/research-our-records/research-by-media-type/films/,True,True,https://www.europeanfilmgateway.eu/search-efg/bundesarchiv,"https://www.europeanfilmgateway.eu/detail/Weltkrieg%201914-18,%20Frontflieger%20u.%20a./barch::425b9b1b7dbf8b9f1241dd1dcd7a8134",ok,200,1,1,"Ficha pública de vídeo de Bundesarchiv no EFG, com metadados audiovisuais.",
Bundesarchiv,bundesarchiv,Germany,Europe,DE-BArch,Federal archive with film archive holdings,https://www.bundesarchiv.de/en/research-our-records/research-by-media-type/films/,True,True,https://www.europeanfilmgateway.eu/search-efg/bundesarchiv,https://www.europeanfilmgateway.eu/detail/Leutnantsstreiche/barch::e8957315a629dcd7606a92e57ac9ac8e,ok,200,1,1,"Ficha pública de vídeo de Bundesarchiv no EFG, com metadados audiovisuais.",
Bundesarchiv,bundesarchiv,Germany,Europe,DE-BArch,Federal archive with film archive holdings,https://www.bundesarchiv.de/en/research-our-records/research-by-media-type/films/,True,True,https://www.europeanfilmgateway.eu/search-efg/bundesarchiv,https://www.europeanfilmgateway.eu/detail/Durch%20das%20malerische%20Finnland/barch::2588e0195bce8e7032b5bd07ac78751d,ok,200,1,1,"Ficha pública de vídeo de Bundesarchiv no EFG, com metadados audiovisuais.",
Bundesarchiv,bundesarchiv,Germany,Europe,DE-BArch,Federal archive with film archive holdings,https://www.bundesarchiv.de/en/research-our-records/research-by-media-type/films/,True,True,https://www.europeanfilmgateway.eu/search-efg/bundesarchiv,https://www.europeanfilmgateway.eu/detail/Franz%C3%B6sische%20Granaten%20auf%20St.%20Quentin/barch::090f5f83f1c5f53fb8c51ecd75b2bb2a,ok,200,1,1,"Ficha pública de vídeo de Bundesarchiv no EFG, com metadados audiovisuais.",
Bundesarchiv,bundesarchiv,Germany,Europe,DE-BArch,Federal archive with film archive holdings,https://www.bundesarchiv.de/en/research-our-records/research-by-media-type/films/,True,True,https://www.europeanfilmgateway.eu/search-efg/bundesarchiv,https://www.europeanfilmgateway.eu/detail/Der%2028.%20August%201909:%20Unter%20brausendem%20Jubel%20der%20Berliner%20Bev%C3%B6lkerung%20kreuzte%20der%20erste%20Zeppelin%20%C3%BCber%20Berlin/barch::62d0bbc15f9024a86072f2670c7d3e4b,ok,200,1,1,"Ficha pública de vídeo de Bundesarchiv no EFG, com metadados audiovisuais.",
Bundesarchiv,bundesarchiv,Germany,Europe,DE-BArch,Federal archive with film archive holdings,https://www.bundesarchiv.de/en/research-our-records/research-by-media-type/films/,True,True,https://www.europeanfilmgateway.eu/search-efg/bundesarchiv,"https://www.europeanfilmgateway.eu/detail/Filmdokumente%20zur%20Geschichte%20der%20deutschen%20Marine%20Teil%20I:%20Kaiserliche%20Marine%201907-1920,%20%22U%2035%22%20im%20Mittelmeer%201917/barch::8259793a9e31b9422ccfdb8e9d7273e1",ok,200,1,1,"Ficha pública de vídeo de Bundesarchiv no EFG, com metadados audiovisuais.",
Bundesarchiv,bundesarchiv,Germany,Europe,DE-BArch,Federal archive with film archive holdings,https://www.bundesarchiv.de/en/research-our-records/research-by-media-type/films/,True,True,https://www.europeanfilmgateway.eu/search-efg/bundesarchiv,https://www.europeanfilmgateway.eu/detail/Messter-Woche%20Nr.%204/barch::5d18186f3b1859802316e74b8587efd2,ok,200,1,1,"Ficha pública de vídeo de Bundesarchiv no EFG, com metadados audiovisuais.",
Bundesarchiv,bundesarchiv,Germany,Europe,DE-BArch,Federal archive with film archive holdings,https://www.bundesarchiv.de/en/research-our-records/research-by-media-type/films/,True,True,https://www.europeanfilmgateway.eu/search-efg/bundesarchiv,https://www.europeanfilmgateway.eu/detail/Der%20Heimat%20Sch%C3%BCtzengraben/barch::dfe7e8d7446a15147142b60ccd09cdf6,ok,200,1,1,"Ficha pública de vídeo de Bundesarchiv no EFG, com metadados audiovisuais.",
Bundesarchiv,bundesarchiv,Germany,Europe,DE-BArch,Federal archive with film archive holdings,https://www.bundesarchiv.de/en/research-our-records/research-by-media-type/films/,True,True,https://www.europeanfilmgateway.eu/search-efg/bundesarchiv,https://www.europeanfilmgateway.eu/detail/Ein%20neuer%20Dreibund/barch::0749faca178a591d88ac63622124c0f4,ok,200,1,1,"Ficha pública de vídeo de Bundesarchiv no EFG, com metadados audiovisuais.",
Bundesarchiv,bundesarchiv,Germany,Europe,DE-BArch,Federal archive with film archive holdings,https://www.bundesarchiv.de/en/research-our-records/research-by-media-type/films/,True,True,https://www.europeanfilmgateway.eu/search-efg/bundesarchiv,https://www.europeanfilmgateway.eu/detail/Messter-Woche%20Nr.%2040%20(1918)/barch::9dd01b3f6afeed2444d39c368f7ccf5a,ok,200,1,1,"Ficha pública de vídeo de Bundesarchiv no EFG, com metadados audiovisuais.",
Bundesarchiv,bundesarchiv,Germany,Europe,DE-BArch,Federal archive with film archive holdings,https://www.bundesarchiv.de/en/research-our-records/research-by-media-type/films/,True,True,https://www.europeanfilmgateway.eu/search-efg/bundesarchiv,https://www.europeanfilmgateway.eu/detail/Der%20Werdegang%20einer%20Puppe/barch::634722a011a95b59fdadd4a6fd126a35,ok,200,1,1,"Ficha pública de vídeo de Bundesarchiv no EFG, com metadados audiovisuais.",
Bundesarchiv,bundesarchiv,Germany,Europe,DE-BArch,Federal archive with film archive holdings,https://www.bundesarchiv.de/en/research-our-records/research-by-media-type/films/,True,True,https://www.europeanfilmgateway.eu/search-efg/bundesarchiv,https://www.europeanfilmgateway.eu/detail/Berliner%20Momentbilder/barch::c4c291b3f7663364f6a0b74563fa0083,ok,200,1,1,"Ficha pública de vídeo de Bundesarchiv no EFG, com metadados audiovisuais.",
Bundesarchiv,bundesarchiv,Germany,Europe,DE-BArch,Federal archive with film archive holdings,https://www.bundesarchiv.de/en/research-our-records/research-by-media-type/films/,True,True,https://www.europeanfilmgateway.eu/search-efg/bundesarchiv,https://www.europeanfilmgateway.eu/detail/Stellungskrieg%20im%20Weltkrieg/barch::caf3cb2e1ca404ac3eb23828733404a0,ok,200,1,1,"Ficha pública de vídeo de Bundesarchiv no EFG, com metadados audiovisuais.",
Bundesarchiv,bundesarchiv,Germany,Europe,DE-BArch,Federal archive with film archive holdings,https://www.bundesarchiv.de/en/research-our-records/research-by-media-type/films/,True,True,https://www.europeanfilmgateway.eu/search-efg/bundesarchiv,https://www.europeanfilmgateway.eu/detail/Seekrieg%201914-1918/barch::2d4c1ff644bf054bdec329776c2a2204,ok,200,1,1,"Ficha pública de vídeo de Bundesarchiv no EFG, com metadados audiovisuais.",
Bundesarchiv,bundesarchiv,Germany,Europe,DE-BArch,Federal archive with film archive holdings,https://www.bundesarchiv.de/en/research-our-records/research-by-media-type/films/,True,True,https://www.europeanfilmgateway.eu/search-efg/bundesarchiv,https://www.europeanfilmgateway.eu/detail/Des%20Kaisers%20Weihnachtsfreude/barch::468d29c144353a4a9652b35bf106654a,ok,200,1,1,"Ficha pública de vídeo de Bundesarchiv no EFG, com metadados audiovisuais.",
Bundesarchiv,bundesarchiv,Germany,Europe,DE-BArch,Federal archive with film archive holdings,https://www.bundesarchiv.de/en/research-our-records/research-by-media-type/films/,True,True,https://www.europeanfilmgateway.eu/search-efg/bundesarchiv,https://www.europeanfilmgateway.eu/detail/L%C3%BCttich/barch::54f655e2152441e911bc19047c72a79d,ok,200,1,1,"Ficha pública de vídeo de Bundesarchiv no EFG, com metadados audiovisuais.",
Bundesarchiv,bundesarchiv,Germany,Europe,DE-BArch,Federal archive with film archive holdings,https://www.bundesarchiv.de/en/research-our-records/research-by-media-type/films/,True,True,https://www.europeanfilmgateway.eu/search-efg/bundesarchiv,https://www.europeanfilmgateway.eu/detail/Messter-Woche%20Nr.%2091915/barch::fe145e4e0f46f94563c08dffc0a248d2,ok,200,1,1,"Ficha pública de vídeo de Bundesarchiv no EFG, com metadados audiovisuais.",
Bundesarchiv,bundesarchiv,Germany,Europe,DE-BArch,Federal archive with film archive holdings,https://www.bundesarchiv.de/en/research-our-records/research-by-media-type/films/,True,True,https://www.europeanfilmgateway.eu/search-efg/bundesarchiv,https://www.europeanfilmgateway.eu/detail/Ein%20Gro%C3%9Fkampftag%20bei%20unseren%20Fliegern%20zur%20See/barch::d90beee746f130dba3fdfdb130e2b410,ok,200,1,1,"Ficha pública de vídeo de Bundesarchiv no EFG, com metadados audiovisuais.",
Bundesarchiv,bundesarchiv,Germany,Europe,DE-BArch,Federal archive with film archive holdings,https://www.bundesarchiv.de/en/research-our-records/research-by-media-type/films/,True,True,https://www.europeanfilmgateway.eu/search-efg/bundesarchiv,https://www.europeanfilmgateway.eu/detail/Vom%20Bodensee%20zur%20Zugspitze/barch::e9443fbc2ff949c63766f90ba3e86b7d,ok,200,1,1,"Ficha pública de vídeo de Bundesarchiv no EFG, com metadados audiovisuais.",
Bundesarchiv,bundesarchiv,Germany,Europe,DE-BArch,Federal archive with film archive holdings,https://www.bundesarchiv.de/en/research-our-records/research-by-media-type/films/,True,True,https://www.europeanfilmgateway.eu/search-efg/bundesarchiv,https://www.europeanfilmgateway.eu/detail/Messter-Woche%201915/barch::9c1c1e54597331d393c611a34272f947,ok,200,1,1,"Ficha pública de vídeo de Bundesarchiv no EFG, com metadados audiovisuais.",
Bundesarchiv,bundesarchiv,Germany,Europe,DE-BArch,Federal archive with film archive holdings,https://www.bundesarchiv.de/en/research-our-records/research-by-media-type/films/,True,True,https://www.europeanfilmgateway.eu/search-efg/bundesarchiv,https://www.europeanfilmgateway.eu/detail/Landung%20auf%20%C3%96sel%201917/barch::a2bd97b1e4a5e2e37df814e5bbd67533,ok,200,1,1,"Ficha pública de vídeo de Bundesarchiv no EFG, com metadados audiovisuais.",
Bundesarchiv,bundesarchiv,Germany,Europe,DE-BArch,Federal archive with film archive holdings,https://www.bundesarchiv.de/en/research-our-records/research-by-media-type/films/,True,True,https://www.europeanfilmgateway.eu/search-efg/bundesarchiv,https://www.europeanfilmgateway.eu/detail/Kriegsverbrecherproze%C3%9F%20vor%20dem%20Reichsgericht%20in%20Leipzig/barch::c48c4e55e595dcc5c7d064815523d635,ok,200,1,1,"Ficha pública de vídeo de Bundesarchiv no EFG, com metadados audiovisuais.",
Bundesarchiv,bundesarchiv,Germany,Europe,DE-BArch,Federal archive with film archive holdings,https://www.bundesarchiv.de/en/research-our-records/research-by-media-type/films/,True,True,https://www.europeanfilmgateway.eu/search-efg/bundesarchiv,https://www.europeanfilmgateway.eu/detail/Im%20italienischen%20Kampfgebiet%20zwischen%20Brenta%20und%20Piave/barch::1d6885bc30d522fa9ec3f2eb98c0e09b,ok,200,1,1,"Ficha pública de vídeo de Bundesarchiv no EFG, com metadados audiovisuais.",
Bundesarchiv,bundesarchiv,Germany,Europe,DE-BArch,Federal archive with film archive holdings,https://www.bundesarchiv.de/en/research-our-records/research-by-media-type/films/,True,True,https://www.europeanfilmgateway.eu/search-efg/bundesarchiv,https://www.europeanfilmgateway.eu/detail/Hindenburgs%2070.%20Geburtstag%20im%20Gro%C3%9Fen%20Hauptquartier/barch::998a6f4b25a3341515f1687a1a52ae0a,ok,200,1,1,"Ficha pública de vídeo de Bundesarchiv no EFG, com metadados audiovisuais.",
Bundesarchiv,bundesarchiv,Germany,Europe,DE-BArch,Federal archive with film archive holdings,https://www.bundesarchiv.de/en/research-our-records/research-by-media-type/films/,True,True,https://www.europeanfilmgateway.eu/search-efg/bundesarchiv,https://www.europeanfilmgateway.eu/detail/Herstellung%20der%20Minenwerfer%20und%20ihrer%20Munition/barch::6b0f48949f1607714d52ba41c2c7d4bf,ok,200,1,1,"Ficha pública de vídeo de Bundesarchiv no EFG, com metadados audiovisuais.",
Bundesarchiv,bundesarchiv,Germany,Europe,DE-BArch,Federal archive with film archive holdings,https://www.bundesarchiv.de/en/research-our-records/research-by-media-type/films/,True,True,https://www.europeanfilmgateway.eu/search-efg/bundesarchiv,https://www.europeanfilmgateway.eu/detail/Funktionell-motorische%20Reiz-%20und%20L%C3%A4hmungszust%C3%A4nde%20bei%20Kriegsteilnehmern%20und%20deren%20Heilung%20durch%20Suggestion%20in%20Hypnose/barch::2f390ec02a19f637ac7626f448b83f02,ok,200,1,1,"Ficha pública de vídeo de Bundesarchiv no EFG, com metadados audiovisuais.",
Bundesarchiv,bundesarchiv,Germany,Europe,DE-BArch,Federal archive with film archive holdings,https://www.bundesarchiv.de/en/research-our-records/research-by-media-type/films/,True,True,https://www.europeanfilmgateway.eu/search-efg/bundesarchiv,https://www.europeanfilmgateway.eu/detail/Erster%20Weltkrieg%20-%20gestellte%20Kampfaufnahmen/barch::08f658df03842d9e70e827d61e477ac0,ok,200,1,1,"Ficha pública de vídeo de Bundesarchiv no EFG, com metadados audiovisuais.",
Bundesarchiv,bundesarchiv,Germany,Europe,DE-BArch,Federal archive with film archive holdings,https://www.bundesarchiv.de/en/research-our-records/research-by-media-type/films/,True,True,https://www.europeanfilmgateway.eu/search-efg/bundesarchiv,https://www.europeanfilmgateway.eu/detail/Ein%20Kampftag%20an%20der%20Westfront/barch::657319fcb0ecc9e68007ba5f21811897,ok,200,1,1,"Ficha pública de vídeo de Bundesarchiv no EFG, com metadados audiovisuais.",
Bundesarchiv,bundesarchiv,Germany,Europe,DE-BArch,Federal archive with film archive holdings,https://www.bundesarchiv.de/en/research-our-records/research-by-media-type/films/,True,True,https://www.europeanfilmgateway.eu/search-efg/bundesarchiv,https://www.europeanfilmgateway.eu/detail/Der%20deutsche%20Kaiser%20in%20Venetien/barch::8e080a526652160471e57419c45c861d,ok,200,1,1,"Ficha pública de vídeo de Bundesarchiv no EFG, com metadados audiovisuais.",
Bundesarchiv,bundesarchiv,Germany,Europe,DE-BArch,Federal archive with film archive holdings,https://www.bundesarchiv.de/en/research-our-records/research-by-media-type/films/,True,True,https://www.europeanfilmgateway.eu/search-efg/bundesarchiv,https://www.europeanfilmgateway.eu/detail/Das%20Walz-%20und%20Hammerwerk%20der%20Gutenhoffnungsh%C3%BCtte%20zu%20Oberhausen%20Rheinland/barch::e57181768904efc4870f286bf3121bed,ok,200,1,1,"Ficha pública de vídeo de Bundesarchiv no EFG, com metadados audiovisuais.",
Bundesarchiv,bundesarchiv,Germany,Europe,DE-BArch,Federal archive with film archive holdings,https://www.bundesarchiv.de/en/research-our-records/research-by-media-type/films/,True,True,https://www.europeanfilmgateway.eu/search-efg/bundesarchiv,https://www.europeanfilmgateway.eu/detail/Das%20Thomas-Stahlwerk%20der%20Gutehoffungsh%C3%BCtte%20zu%20Oberhausen%20Rheinland/barch::aaa94e73c833f2cd73b16bffad9a4707,ok,200,1,1,"Ficha pública de vídeo de Bundesarchiv no EFG, com metadados audiovisuais.",
Bundesarchiv,bundesarchiv,Germany,Europe,DE-BArch,Federal archive with film archive holdings,https://www.bundesarchiv.de/en/research-our-records/research-by-media-type/films/,True,True,https://www.europeanfilmgateway.eu/search-efg/bundesarchiv,https://www.europeanfilmgateway.eu/detail/Das%20Martin-Stahlwerk%20der%20Gutehoffnungsh%C3%BCtte%20Oberhausen%20Rheinland/barch::7289f3950c2104073bda1f7d3049e4a4,ok,200,1,1,"Ficha pública de vídeo de Bundesarchiv no EFG, com metadados audiovisuais.",
Bundesarchiv,bundesarchiv,Germany,Europe,DE-BArch,Federal archive with film archive holdings,https://www.bundesarchiv.de/en/research-our-records/research-by-media-type/films/,True,True,https://www.europeanfilmgateway.eu/search-efg/bundesarchiv,https://www.europeanfilmgateway.eu/detail/Bis%20ins%20Hauptquartier%20Cadornas/barch::e90dc42bf974de504d7d30233e08c639,ok,200,1,1,"Ficha pública de vídeo de Bundesarchiv no EFG, com metadados audiovisuais.",
Bundesarchiv,bundesarchiv,Germany,Europe,DE-BArch,Federal archive with film archive holdings,https://www.bundesarchiv.de/en/research-our-records/research-by-media-type/films/,True,True,https://www.europeanfilmgateway.eu/search-efg/bundesarchiv,https://www.europeanfilmgateway.eu/detail/Bei%20der%20IV.%20t%C3%BCrkischen%20Armee%20in%20Pal%C3%A4stina/barch::736c1c6b28127cb6bcd5363daf945042,ok,200,1,1,"Ficha pública de vídeo de Bundesarchiv no EFG, com metadados audiovisuais.",
Bundesarchiv,bundesarchiv,Germany,Europe,DE-BArch,Federal archive with film archive holdings,https://www.bundesarchiv.de/en/research-our-records/research-by-media-type/films/,True,True,https://www.europeanfilmgateway.eu/search-efg/bundesarchiv,https://www.europeanfilmgateway.eu/detail/Aus%20eisernen%20Tagen%20des%20Weltkrieges.%20Deutsche%20Feldbahn%20unter%20Feuer/barch::fdee38bd1af29a51b8a0cdae3b362692,ok,200,1,1,"Ficha pública de vídeo de Bundesarchiv no EFG, com metadados audiovisuais.",
Bundesarchiv,bundesarchiv,Germany,Europe,DE-BArch,Federal archive with film archive holdings,https://www.bundesarchiv.de/en/research-our-records/research-by-media-type/films/,True,True,https://www.europeanfilmgateway.eu/search-efg/bundesarchiv,https://www.europeanfilmgateway.eu/detail/Aegir.%20Ein%20Film-Festspiel/barch::149c0d3f3ea0c7fa13f43a4c1829ab30,ok,200,1,1,"Ficha pública de vídeo de Bundesarchiv no EFG, com metadados audiovisuais.",
Bundesarchiv,bundesarchiv,Germany,Europe,DE-BArch,Federal archive with film archive holdings,https://www.bundesarchiv.de/en/research-our-records/research-by-media-type/films/,True,True,https://www.europeanfilmgateway.eu/search-efg/bundesarchiv,https://www.europeanfilmgateway.eu/detail/Angriff%20eines%20feindlichen%20Bombengeschwaders%20auf%20einen%20deutschen%20Flugplatz/barch::4691f22bc1f4032bb4a4c32054d54dbc,ok,200,1,1,"Ficha pública de vídeo de Bundesarchiv no EFG, com metadados audiovisuais.",
Bundesarchiv,bundesarchiv,Germany,Europe,DE-BArch,Federal archive with film archive holdings,https://www.bundesarchiv.de/en/research-our-records/research-by-media-type/films/,True,True,https://www.europeanfilmgateway.eu/search-efg/bundesarchiv,https://www.europeanfilmgateway.eu/detail/U-Boote%20heraus!%20Mit%20U-Boot%20178%20gegen%20den%20Feind/barch::59d3577fe83516ddbde51b2ad6946428,ok,200,1,1,"Ficha pública de vídeo de Bundesarchiv no EFG, com metadados audiovisuais.",
Bundesarchiv,bundesarchiv,Germany,Europe,DE-BArch,Federal archive with film archive holdings,https://www.bundesarchiv.de/en/research-our-records/research-by-media-type/films/,True,True,https://www.europeanfilmgateway.eu/search-efg/bundesarchiv,https://www.europeanfilmgateway.eu/detail/Mackensens%20Donau%C3%BCbergang/barch::f1425b495f65eca573b8b4e4d0548e09,ok,200,1,1,"Ficha pública de vídeo de Bundesarchiv no EFG, com metadados audiovisuais.",
Bundesarchiv,bundesarchiv,Germany,Europe,DE-BArch,Federal archive with film archive holdings,https://www.bundesarchiv.de/en/research-our-records/research-by-media-type/films/,True,True,https://www.europeanfilmgateway.eu/search-efg/bundesarchiv,"https://www.europeanfilmgateway.eu/detail/Hann,%20Hein%20und%20Henny/barch::483a8e8843c77c00e07599717186b99e",ok,200,1,1,"Ficha pública de vídeo de Bundesarchiv no EFG, com metadados audiovisuais.",
Bundesarchiv,bundesarchiv,Germany,Europe,DE-BArch,Federal archive with film archive holdings,https://www.bundesarchiv.de/en/research-our-records/research-by-media-type/films/,True,True,https://www.europeanfilmgateway.eu/search-efg/bundesarchiv,https://www.europeanfilmgateway.eu/detail/Die%20Lokomobil-Fabrik%20R.%20Wolf%20Magdeburg-Buckau/barch::0246af52fc118735b6500f96c3167e59,ok,200,1,1,"Ficha pública de vídeo de Bundesarchiv no EFG, com metadados audiovisuais.",
Bundesarchiv,bundesarchiv,Germany,Europe,DE-BArch,Federal archive with film archive holdings,https://www.bundesarchiv.de/en/research-our-records/research-by-media-type/films/,True,True,https://www.europeanfilmgateway.eu/search-efg/bundesarchiv,https://www.europeanfilmgateway.eu/detail/Vormarsch%20zur%20Piave/barch::bcd3a2857b67254630f068847c8a06b4,ok,200,1,1,"Ficha pública de vídeo de Bundesarchiv no EFG, com metadados audiovisuais.",
Bundesarchiv,bundesarchiv,Germany,Europe,DE-BArch,Federal archive with film archive holdings,https://www.bundesarchiv.de/en/research-our-records/research-by-media-type/films/,True,True,https://www.europeanfilmgateway.eu/search-efg/bundesarchiv,https://www.europeanfilmgateway.eu/detail/Mit%20L.35%20%C3%BCber%20Berlin%20und%20Potsdam/barch::b0e411a55ef885d9e8173197be174832,ok,200,1,1,"Ficha pública de vídeo de Bundesarchiv no EFG, com metadados audiovisuais.",
Bundesarchiv,bundesarchiv,Germany,Europe,DE-BArch,Federal archive with film archive holdings,https://www.bundesarchiv.de/en/research-our-records/research-by-media-type/films/,True,True,https://www.europeanfilmgateway.eu/search-efg/bundesarchiv,https://www.europeanfilmgateway.eu/detail/Wiederaufbau%20einer%20durch%20die%20Russen%20in%20Rum%C3%A4nien%20zerst%C3%B6rten%20Eisenbahnbr%C3%BCcke/barch::17f4b5c1561c71dde9d51a372ef24f42,ok,200,1,1,"Ficha pública de vídeo de Bundesarchiv no EFG, com metadados audiovisuais.",
Bundesarchiv,bundesarchiv,Germany,Europe,DE-BArch,Federal archive with film archive holdings,https://www.bundesarchiv.de/en/research-our-records/research-by-media-type/films/,True,True,https://www.europeanfilmgateway.eu/search-efg/bundesarchiv,https://www.europeanfilmgateway.eu/detail/Riga%20genommen!/barch::b5d5318cfee24e6fa1a89b82c315ee21,ok,200,1,1,"Ficha pública de vídeo de Bundesarchiv no EFG, com metadados audiovisuais.",
Bundesarchiv,bundesarchiv,Germany,Europe,DE-BArch,Federal archive with film archive holdings,https://www.bundesarchiv.de/en/research-our-records/research-by-media-type/films/,True,True,https://www.europeanfilmgateway.eu/search-efg/bundesarchiv,https://www.europeanfilmgateway.eu/detail/Im%20eroberten%20Bukarest/barch::85d1a668025210fb4f79f44cf987e63a,ok,200,1,1,"Ficha pública de vídeo de Bundesarchiv no EFG, com metadados audiovisuais.",
Bundesarchiv,bundesarchiv,Germany,Europe,DE-BArch,Federal archive with film archive holdings,https://www.bundesarchiv.de/en/research-our-records/research-by-media-type/films/,True,True,https://www.europeanfilmgateway.eu/search-efg/bundesarchiv,https://www.europeanfilmgateway.eu/detail/Fr%C3%BChjahrsschlacht%201918%20an%20der%20Somme/barch::2e2e5046aba588692e727efdc8030a0e,ok,200,1,1,"Ficha pública de vídeo de Bundesarchiv no EFG, com metadados audiovisuais.",
Bundesarchiv,bundesarchiv,Germany,Europe,DE-BArch,Federal archive with film archive holdings,https://www.bundesarchiv.de/en/research-our-records/research-by-media-type/films/,True,True,https://www.europeanfilmgateway.eu/search-efg/bundesarchiv,https://www.europeanfilmgateway.eu/detail/Unser%20Hindenburg/barch::f29db11e166c43ba705d0b7763583de9,ok,200,1,1,"Ficha pública de vídeo de Bundesarchiv no EFG, com metadados audiovisuais.",
Bundesarchiv,bundesarchiv,Germany,Europe,DE-BArch,Federal archive with film archive holdings,https://www.bundesarchiv.de/en/research-our-records/research-by-media-type/films/,True,True,https://www.europeanfilmgateway.eu/search-efg/bundesarchiv,"https://www.europeanfilmgateway.eu/detail/Hein%20Petersen,%20vom%20Schiffsjungen%20zum%20Matrosen/barch::518cf3b13183809411018b9fd68e02ee",ok,200,1,1,"Ficha pública de vídeo de Bundesarchiv no EFG, com metadados audiovisuais.",
Bundesarchiv,bundesarchiv,Germany,Europe,DE-BArch,Federal archive with film archive holdings,https://www.bundesarchiv.de/en/research-our-records/research-by-media-type/films/,True,True,https://www.europeanfilmgateway.eu/search-efg/bundesarchiv,https://www.europeanfilmgateway.eu/detail/Messter-Woche%20Nr.%20101914/barch::10114e99be94ac8c21c28e93979cd64f,ok,200,1,1,"Ficha pública de vídeo de Bundesarchiv no EFG, com metadados audiovisuais.",
Bundesarchiv,bundesarchiv,Germany,Europe,DE-BArch,Federal archive with film archive holdings,https://www.bundesarchiv.de/en/research-our-records/research-by-media-type/films/,True,True,https://www.europeanfilmgateway.eu/search-efg/bundesarchiv,https://www.europeanfilmgateway.eu/detail/Messter-Woche:%20Italienischer%20Kriegsschauplatz/barch::d5bf594f2c88c1279d9b4984f7ac04b2,ok,200,1,1,"Ficha pública de vídeo de Bundesarchiv no EFG, com metadados audiovisuais.",
Bundesarchiv,bundesarchiv,Germany,Europe,DE-BArch,Federal archive with film archive holdings,https://www.bundesarchiv.de/en/research-our-records/research-by-media-type/films/,True,True,https://www.europeanfilmgateway.eu/search-efg/bundesarchiv,https://www.europeanfilmgateway.eu/detail/Jung-Siegfried/barch::ac6a78190db4d98870b5f5ec463832b4,ok,200,1,1,"Ficha pública de vídeo de Bundesarchiv no EFG, com metadados audiovisuais.",
Bundesarchiv,bundesarchiv,Germany,Europe,DE-BArch,Federal archive with film archive holdings,https://www.bundesarchiv.de/en/research-our-records/research-by-media-type/films/,True,True,https://www.europeanfilmgateway.eu/search-efg/bundesarchiv,https://www.europeanfilmgateway.eu/detail/Ein%20Wort%20Hindenburgs%20%C3%BCber%20die%20Kriegsanleihe/barch::4588935e0f2f9c90306b69036bcad02f,ok,200,1,1,"Ficha pública de vídeo de Bundesarchiv no EFG, com metadados audiovisuais.",
Bundesarchiv,bundesarchiv,Germany,Europe,DE-BArch,Federal archive with film archive holdings,https://www.bundesarchiv.de/en/research-our-records/research-by-media-type/films/,True,True,https://www.europeanfilmgateway.eu/search-efg/bundesarchiv,https://www.europeanfilmgateway.eu/detail/Messter-Woche%20%E2%80%93%20Einzelsujets/barch::d399e6274aef40cc78b34bbf6c7949fe,ok,200,1,1,"Ficha pública de vídeo de Bundesarchiv no EFG, com metadados audiovisuais.",
Bundesarchiv,bundesarchiv,Germany,Europe,DE-BArch,Federal archive with film archive holdings,https://www.bundesarchiv.de/en/research-our-records/research-by-media-type/films/,True,True,https://www.europeanfilmgateway.eu/search-efg/bundesarchiv,https://www.europeanfilmgateway.eu/detail/Messter-Woche%20%E2%80%93%20Einzelsujets/barch::03cbb3097cb9d1005a44b397d41df8be,ok,200,1,1,"Ficha pública de vídeo de Bundesarchiv no EFG, com metadados audiovisuais.",
Bundesarchiv,bundesarchiv,Germany,Europe,DE-BArch,Federal archive with film archive holdings,https://www.bundesarchiv.de/en/research-our-records/research-by-media-type/films/,True,True,https://www.europeanfilmgateway.eu/search-efg/bundesarchiv,https://www.europeanfilmgateway.eu/detail/Bei%20unseren%20Helden%20an%20der%20Somme/barch::4d1ad8a942a404aa5d30065520d52b62,ok,200,1,1,"Ficha pública de vídeo de Bundesarchiv no EFG, com metadados audiovisuais.",
Bundesarchiv,bundesarchiv,Germany,Europe,DE-BArch,Federal archive with film archive holdings,https://www.bundesarchiv.de/en/research-our-records/research-by-media-type/films/,True,True,https://www.europeanfilmgateway.eu/search-efg/bundesarchiv,https://www.europeanfilmgateway.eu/detail/Ein%20Dach%20%C3%BCber%20dem%20Kopf/barch::880f624ef7f9c27330b38ae9b8419bc9,ok,200,1,1,"Ficha pública de vídeo de Bundesarchiv no EFG, com metadados audiovisuais.",
Bundesarchiv,bundesarchiv,Germany,Europe,DE-BArch,Federal archive with film archive holdings,https://www.bundesarchiv.de/en/research-our-records/research-by-media-type/films/,True,True,https://www.europeanfilmgateway.eu/search-efg/bundesarchiv,https://www.europeanfilmgateway.eu/detail/Fl%C3%BCchtlinge%20helfen%20sich%20selbst/barch::109fe5bdca58d2be59d667c5fed31a8b,ok,200,1,1,"Ficha pública de vídeo de Bundesarchiv no EFG, com metadados audiovisuais.",
Bundesarchiv,bundesarchiv,Germany,Europe,DE-BArch,Federal archive with film archive holdings,https://www.bundesarchiv.de/en/research-our-records/research-by-media-type/films/,True,True,https://www.europeanfilmgateway.eu/search-efg/bundesarchiv,https://www.europeanfilmgateway.eu/detail/Europa%20lebt/barch::d9a261a38ad09d6bce2e3a0a46092514,ok,200,1,1,"Ficha pública de vídeo de Bundesarchiv no EFG, com metadados audiovisuais.",
Bundesarchiv,bundesarchiv,Germany,Europe,DE-BArch,Federal archive with film archive holdings,https://www.bundesarchiv.de/en/research-our-records/research-by-media-type/films/,True,True,https://www.europeanfilmgateway.eu/search-efg/bundesarchiv,https://www.europeanfilmgateway.eu/detail/Das%20Bundessch%C3%A4tzchen/barch::1771f10f64f4c4bbf4be69f101d81b02,ok,200,1,1,"Ficha pública de vídeo de Bundesarchiv no EFG, com metadados audiovisuais.",
Bundesarchiv,bundesarchiv,Germany,Europe,DE-BArch,Federal archive with film archive holdings,https://www.bundesarchiv.de/en/research-our-records/research-by-media-type/films/,True,True,https://www.europeanfilmgateway.eu/search-efg/bundesarchiv,https://www.europeanfilmgateway.eu/detail/Lieber%20Leierkastenmann/barch::e8d6ed2f957d3a36ec77e0394d382ae6,ok,200,1,1,"Ficha pública de vídeo de Bundesarchiv no EFG, com metadados audiovisuais.",
Bundesarchiv,bundesarchiv,Germany,Europe,DE-BArch,Federal archive with film archive holdings,https://www.bundesarchiv.de/en/research-our-records/research-by-media-type/films/,True,True,https://www.europeanfilmgateway.eu/search-efg/bundesarchiv,https://www.europeanfilmgateway.eu/detail/Der%20erste%20Schritt/barch::13b097c7dd4591489046c6d6db2c7217,ok,200,1,1,"Ficha pública de vídeo de Bundesarchiv no EFG, com metadados audiovisuais.",
Bundesarchiv,bundesarchiv,Germany,Europe,DE-BArch,Federal archive with film archive holdings,https://www.bundesarchiv.de/en/research-our-records/research-by-media-type/films/,True,True,https://www.europeanfilmgateway.eu/search-efg/bundesarchiv,https://www.europeanfilmgateway.eu/detail/Moord%C3%A4mmerung/barch::576e853073a8b59213eca919a1532a2f,ok,200,1,1,"Ficha pública de vídeo de Bundesarchiv no EFG, com metadados audiovisuais.",
Bundesarchiv,bundesarchiv,Germany,Europe,DE-BArch,Federal archive with film archive holdings,https://www.bundesarchiv.de/en/research-our-records/research-by-media-type/films/,True,True,https://www.europeanfilmgateway.eu/search-efg/bundesarchiv,https://www.europeanfilmgateway.eu/detail/Nicht%20ohne%20uns/barch::7365ef57751d8ae6fc65bbef89a662f2,ok,200,1,1,"Ficha pública de vídeo de Bundesarchiv no EFG, com metadados audiovisuais.",
Bundesarchiv,bundesarchiv,Germany,Europe,DE-BArch,Federal archive with film archive holdings,https://www.bundesarchiv.de/en/research-our-records/research-by-media-type/films/,True,True,https://www.europeanfilmgateway.eu/search-efg/bundesarchiv,https://www.europeanfilmgateway.eu/detail/Reporter%20aus%20Leidenschaft/barch::c7103bdb39a7f58d7584063142dba975,ok,200,1,1,"Ficha pública de vídeo de Bundesarchiv no EFG, com metadados audiovisuais.",
Bundesarchiv,bundesarchiv,Germany,Europe,DE-BArch,Federal archive with film archive holdings,https://www.bundesarchiv.de/en/research-our-records/research-by-media-type/films/,True,True,https://www.europeanfilmgateway.eu/search-efg/bundesarchiv,https://www.europeanfilmgateway.eu/detail/Mit%20Herz%20und%20Hand%20(Berlin%201954)/barch::dbf2502f438db335a45b96c7eabde348,ok,200,1,1,"Ficha pública de vídeo de Bundesarchiv no EFG, com metadados audiovisuais.",
Bundesarchiv,bundesarchiv,Germany,Europe,DE-BArch,Federal archive with film archive holdings,https://www.bundesarchiv.de/en/research-our-records/research-by-media-type/films/,True,True,https://www.europeanfilmgateway.eu/search-efg/bundesarchiv,https://www.europeanfilmgateway.eu/detail/...weil es vernünftig ist/barch::79f34d8e0b12fb25d1d34dcfcffd8968,erro,,0,0,Falha ao abrir ficha pública de Bundesarchiv no EFG.,403 Client Error: Forbidden for url: https://www.europeanfilmgateway.eu/detail/...weil%20es%20vern%C3%BCnftig%20ist/barch::79f34d8e0b12fb25d1d34dcfcffd8968
Bundesarchiv,bundesarchiv,Germany,Europe,DE-BArch,Federal archive with film archive holdings,https://www.bundesarchiv.de/en/research-our-records/research-by-media-type/films/,True,True,https://www.europeanfilmgateway.eu/search-efg/bundesarchiv,https://www.europeanfilmgateway.eu/detail/Kleine%20Stadt%20-%20gro%C3%9Fes%20Leben/barch::d8479575a47cbdd93e75ded4d2b9b1da,ok,200,1,1,"Ficha pública de vídeo de Bundesarchiv no EFG, com metadados audiovisuais.",
