institution,slug,country,continent,repository_code,archive_type,cineam_detail_url,content_available_in_source,website_available,partner_site,platform,video_link,video_title,video_subject,video_description,video_published_at,video_title_display,video_date_display,video_theme,access_surface
CINÉAM,cineam,France,Europe,FR-CINEAM,Institutional amateur film and audiovisual archive,https://www.cineam.asso.fr/,True,True,https://www.cineam.asso.fr/exploration-905-0-0-0.html,CINÉAM,https://diazcineam.oembed.diazinteregio.org/video/STOJANOVIC/0302FI0037.mp4,Famille et rosiers,Dušanka STOJANOVIC; Serbie Fleur Immigration Réunion de famille Jardin Ferme (bâtiment),"Registro público do catálogo CINÉAM / DiazInteregio. | realização: Dušanka STOJANOVIC | formato: Film super 8 | som: Muet | coloração: Couleur | duração: 00:03:23 | descritores: Serbie Fleur Immigration Réunion de famille Jardin Ferme (bâtiment) | embed: https://diazcineam.oembed.diazinteregio.org/embed/STOJANOVIC/0302FI0037?feature=oembed | fonte de vídeo: video/mp4 | Contexte : La réalisatrice Dušanka Stojanovic est partie de Serbie à l’âge de 28 ans en 1967. Elle rencontre son mari dans un atelier de couture, puis ils montent leur propre atelier rue Jean Pierre Timbaud à Paris. Elle s’achète une caméra Super 8. Ils vivent rue de Belleville. Choc pétrolier, à la fin des années 70, l’atelier ne tient plus. En été, la famille nombreuse retourne dans le petit village natal de Dušanka pour retrouver la famille restée au pays. Résumé : En Serbie, la famille de Dušanka et d’autres membres de la famille sont rassemblés dans un jardin pleins de rosiers rouges, roses et blancs. Dans la ferme familiale, plusieurs personnes posent devant la caméra : un homme d’âge moyen qui salue et un groupe de deux femmes d’âge moyen ainsi qu’une jeune femme fumant une cigarette. Dušanka, son mari et sa fille aînée posent avec l’homme et une des deux femmes d’âge moyen.",1982,Famille et rosiers,1982-01-01,Filme amador e memória familiar,Arquivo audiovisual institucional
CINÉAM,cineam,France,Europe,FR-CINEAM,Institutional amateur film and audiovisual archive,https://www.cineam.asso.fr/,True,True,https://www.cineam.asso.fr/exploration-905-0-0-0.html,CINÉAM,https://diazcineam.oembed.diazinteregio.org/video/STOJANOVIC/0302FI0034.mp4,"Jardin, poulailler et plaines environnantes au pays",Dušanka STOJANOVIC; Serbie Poule Immigration Paysage rural Poulailler Travail à la ferme,"Registro público do catálogo CINÉAM / DiazInteregio. | realização: Dušanka STOJANOVIC | formato: Film super 8 | som: Muet | coloração: Couleur | duração: 00:03:20 | descritores: Serbie Poule Immigration Paysage rural Poulailler Travail à la ferme | embed: https://diazcineam.oembed.diazinteregio.org/embed/STOJANOVIC/0302FI0034?feature=oembed | fonte de vídeo: video/mp4 | Contexte : La réalisatrice Dušanka Stojanovic est partie de Serbie à l’âge de 28 ans en 1967. Elle rencontre son mari dans un atelier de couture, puis ils montent leur propre atelier rue Jean Pierre Timbaud à Paris. Elle s’achète une caméra Super 8. Ils vivent rue de Belleville. Choc pétrolier, à la fin des années 70, l’atelier ne tient plus. En été, la famille nombreuse retourne dans le petit village natal de Dušanka pour retrouver la famille restée au pays. Résumé : Panoramique du paysage autour de la ferme familiale en Serbie. Un couple de personnes plus ou moins âgées (environ la soixantaine) ainsi que des enfants dont les filles de Dušanka marchent pour rejoindre le jardin. L’homme ramasse des herbes à la fourche, sa femme le rejoint puis il fait mine de la coucher sur le tas d’herbe pour blaguer avant de poursuivre son travail. Dušanka et la femme pose devant la caméra avec un pet...",1978,"Jardin, poulailler et plaines environnantes au pays",1978-01-01,Filme amador e memória familiar,Arquivo audiovisual institucional
CINÉAM,cineam,France,Europe,FR-CINEAM,Institutional amateur film and audiovisual archive,https://www.cineam.asso.fr/,True,True,https://www.cineam.asso.fr/exploration-905-0-0-0.html,CINÉAM,https://diazcineam.oembed.diazinteregio.org/video/STOJANOVIC/0302FI0022.mp4,"Moulins, nichoirs et anniversaire",Dušanka STOJANOVIC; Instrument de musique Accordéon Moulin à vent Gâteau d'anniversaire Repas de famille,"Registro público do catálogo CINÉAM / DiazInteregio. | realização: Dušanka STOJANOVIC | formato: Film super 8 | som: Muet | coloração: Couleur | duração: 00:03:25 | descritores: Instrument de musique Accordéon Moulin à vent Gâteau d'anniversaire Repas de famille | embed: https://diazcineam.oembed.diazinteregio.org/embed/STOJANOVIC/0302FI0022?feature=oembed | fonte de vídeo: video/mp4 | Contexte : Dušanka est partie de Serbie à l’âge de 28 ans en 1967. Elle rencontre son mari dans un atelier de couture, puis ils montent leur propre atelier rue Jean Pierre Timbaud à Paris. Elle s’achète une caméra Super 8. Ils vivent rue de Belleville. Choc pétrolier, fin 70, l’atelier ne tient plus. En été, la famille nombreuse retourne dans le petit village natal de Dušanka pour retrouver leurs aïeuls. Résumé : La famille de Dušanka visite une sorte d’exposition de moulins à vent. Dans l’appartement, les filles sont assises sur le canapé et la petite dernière joue avec un faux accordéon devant un gâteau d’anniversaire. Elles portent toutes les deux un t-shirt orange et une jupe blanche. L’aînée joue avec un faux ukulélé. D’autres membres de la famille sont présents, installés autour du gâteau et boivent des verres.",1976,"Moulins, nichoirs et anniversaire",1976-01-01,Filme amador e memória familiar,Arquivo audiovisual institucional
CINÉAM,cineam,France,Europe,FR-CINEAM,Institutional amateur film and audiovisual archive,https://www.cineam.asso.fr/,True,True,https://www.cineam.asso.fr/exploration-905-0-0-0.html,CINÉAM,https://diazcineam.oembed.diazinteregio.org/video/STOJANOVIC/0302FI0017.mp4,Enfants jouent sur le balcon,Dušanka STOJANOVIC; Jeu d'enfant Peluche Poupée,"Registro público do catálogo CINÉAM / DiazInteregio. | realização: Dušanka STOJANOVIC | formato: Film super 8 | som: Muet | coloração: Couleur | duração: 00:03:21 | descritores: Jeu d'enfant Peluche Poupée | embed: https://diazcineam.oembed.diazinteregio.org/embed/STOJANOVIC/0302FI0017?feature=oembed | fonte de vídeo: video/mp4 | Contexte : Dušanka est partie de Serbie à l’âge de 28 ans en 1967. Elle rencontre son mari dans un atelier de couture, puis ils montent leur propre atelier rue Jean Pierre Timbaud à Paris. Elle s’achète une caméra Super 8. Ils vivent rue de Belleville. Choc pétrolier, fin 70, l’atelier ne tient plus. En été, la famille nombreuse retourne dans le petit village natal de Dušanka pour retrouver leurs aïeuls. Résumé : Les deux filles de Dušanka portent le même t-shirt blanc à motifs oranges de gouvernail de bateau et jouent sur le balcon de l’appartement rue de Belleville. Du linge sèche autour d’elles et elles s’amusent à laver leurs petites poupées dans une bassine. Ces figurines articulées ressemblent aux mini poupées Barbie vendues par Mattel durant la deuxième moitié des années 1970. L’aînée montre son ours en peluche puis les deux filles posent seules, le même chapeau de paille à ruban...",1975,Enfants jouent sur le balcon,1975-01-01,Filme amador e memória familiar,Arquivo audiovisual institucional
CINÉAM,cineam,France,Europe,FR-CINEAM,Institutional amateur film and audiovisual archive,https://www.cineam.asso.fr/,True,True,https://www.cineam.asso.fr/exploration-905-0-0-0.html,CINÉAM,https://diazcineam.oembed.diazinteregio.org/video/STOJANOVIC/0302FI0019.mp4,Famille en appartement,Dušanka STOJANOVIC; Cirque (spectacle) Télévision (activité) Réunion de famille Acrobatie (loisir),"Registro público do catálogo CINÉAM / DiazInteregio. | realização: Dušanka STOJANOVIC | formato: Film super 8 | som: Muet | coloração: Couleur | duração: 00:03:26 | descritores: Cirque (spectacle) Télévision (activité) Réunion de famille Acrobatie (loisir) | embed: https://diazcineam.oembed.diazinteregio.org/embed/STOJANOVIC/0302FI0019?feature=oembed | fonte de vídeo: video/mp4 | Contexte : Dušanka est partie de Serbie à l’âge de 28 ans en 1967. Elle rencontre son mari dans un atelier de couture, puis ils montent leur propre atelier rue Jean Pierre Timbaud à Paris. Elle s’achète une caméra Super 8. Ils vivent rue de Belleville. Choc pétrolier, fin 70, l’atelier ne tient plus. En été, la famille nombreuse retourne dans le petit village natal de Dušanka pour retrouver leurs aïeuls. Résumé : La benjamine de Dušanka fait un V avec ses doigts et rit avec l’adolescente qui vit chez elle. L’aînée des filles râle, pleure et se niche dans les bras de son père. Sa petite sœur vient l’embrasser. Devant la télévision où une femme chante dans une émission en noir et blanc, dos à celle-ci, Dušanka pose avec ses deux filles qui portent les mêmes vêtements, un pantalon noir, une chemise blanche sous un pull blanc ainsi qu’une médaille de baptême autour du cou. A la télévision,...",1975,Famille en appartement,1975-01-01,Filme amador e memória familiar,Arquivo audiovisual institucional
CINÉAM,cineam,France,Europe,FR-CINEAM,Institutional amateur film and audiovisual archive,https://www.cineam.asso.fr/,True,True,https://www.cineam.asso.fr/exploration-905-0-0-0.html,CINÉAM,https://diazcineam.oembed.diazinteregio.org/video/STOJANOVIC/0302FI0018.mp4,Fête d'anniversaire pour les 5 ans,Dušanka STOJANOVIC; Gâteau d'anniversaire Repas de famille,"Registro público do catálogo CINÉAM / DiazInteregio. | realização: Dušanka STOJANOVIC | formato: Film super 8 | som: Muet | coloração: Couleur | duração: 00:03:25 | descritores: Gâteau d'anniversaire Repas de famille | embed: https://diazcineam.oembed.diazinteregio.org/embed/STOJANOVIC/0302FI0018?feature=oembed | fonte de vídeo: video/mp4 | Contexte : Dušanka est partie de Serbie à l’âge de 28 ans en 1967. Elle rencontre son mari dans un atelier de couture, puis ils montent leur propre atelier rue Jean Pierre Timbaud à Paris. Elle s’achète une caméra Super 8. Ils vivent rue de Belleville. Choc pétrolier, fin 70, l’atelier ne tient plus. En été, la famille nombreuse retourne dans le petit village natal de Dušanka pour retrouver leurs aïeuls. Résumé : Dušanka, son mari et leurs filles sont accompagnés de jeunes membres de leur famille pour partager un repas d’anniversaire, le cinquième de leur fille aînée, et notamment le gâteau qui trône au milieu de la table. Les filles de Dušanka sont toujours habillées de la même manière, une chemise blanche à manches longues sous une robe noire à bretelles fleurie. Tout le monde trinque avec l’aînée.",1975,Fête d'anniversaire pour les 5 ans,1975-01-01,Filme amador e memória familiar,Arquivo audiovisual institucional
CINÉAM,cineam,France,Europe,FR-CINEAM,Institutional amateur film and audiovisual archive,https://www.cineam.asso.fr/,True,True,https://www.cineam.asso.fr/exploration-905-0-0-0.html,CINÉAM,https://diazcineam.oembed.diazinteregio.org/video/STOJANOVIC/0302FI0021.mp4,Les enfants jouent dans l'herbe,Dušanka STOJANOVIC; Parc Pique-nique Repas de famille,"Registro público do catálogo CINÉAM / DiazInteregio. | realização: Dušanka STOJANOVIC | formato: Film super 8 | som: Muet | coloração: Couleur | duração: 00:03:21 | descritores: Parc Pique-nique Repas de famille | embed: https://diazcineam.oembed.diazinteregio.org/embed/STOJANOVIC/0302FI0021?feature=oembed | fonte de vídeo: video/mp4 | Contexte : Dušanka est partie de Serbie à l’âge de 28 ans en 1967. Elle rencontre son mari dans un atelier de couture, puis ils montent leur propre atelier rue Jean Pierre Timbaud à Paris. Elle s’achète une caméra Super 8. Ils vivent rue de Belleville. Choc pétrolier, fin 70, l’atelier ne tient plus. En été, la famille nombreuse retourne dans le petit village natal de Dušanka pour retrouver leurs aïeuls. Résumé : La famille pique-nique dans un parc. Ils sont assis sur l’herbe. Une jeune femme les accompagne ainsi que l’adolescente qui vit avec Dušanka et sa famille. Laissant la nappe et les restes du pique-nique derrière eux, Dušanka, son mari et leurs deux filles posent devant la caméra. Les filles ont des tenues assorties : un t-shirt manches longues orange sous une robe salopette bleue. Dušanka porte une longue robe bleue et orange à bretelles, assortie aux vêtements de ses filles.",1975,Les enfants jouent dans l'herbe,1975-01-01,Filme amador e memória familiar,Arquivo audiovisual institucional
CINÉAM,cineam,France,Europe,FR-CINEAM,Institutional amateur film and audiovisual archive,https://www.cineam.asso.fr/,True,True,https://www.cineam.asso.fr/exploration-905-0-0-0.html,CINÉAM,https://diazcineam.oembed.diazinteregio.org/video/STOJANOVIC/0302FI0013.mp4,Belleville,Dušanka STOJANOVIC; Paris (75) Rue Mode Vêtement,"Registro público do catálogo CINÉAM / DiazInteregio. | realização: Dušanka STOJANOVIC | formato: Film super 8 | som: Muet | coloração: Couleur | duração: 00:03:25 | descritores: Paris (75) Rue Mode Vêtement | embed: https://diazcineam.oembed.diazinteregio.org/embed/STOJANOVIC/0302FI0013?feature=oembed | fonte de vídeo: video/mp4 | Contexte : Dusanka est partie de Serbie à l’âge de 28 ans en 1967. Elle rencontre son mari dans un atelier de couture, puis ils montent leur propre atelier rue Jean Pierre Timbaud à Paris. Elle s’achète une caméra Super 8. Ils vivent rue de Belleville. Choc pétrolier, fin 70, l’atelier ne tient plus. En été, la famille nombreuse retourne dans le petit village natal de Dusanka pour retrouver leurs aïeuls. Résumé : Vues de la rue de Belleville à Paris où vit Dusanka et sa famille. Vues de la rue Bisson. Un homme et une femme discute devant la caméra, ils sont vêtus de manteaux. Au bout de la rue, une enseigne en lettrage rouge sur fond blanc qui apparaît aussi dans d’autres films. D’autres personnes apparaissent devant la caméra et font signe. Le couple du début monte ensuite dans un taxi. NOIR Un autre couple pose devant une camionnette blanche et orange floquée “S.A.C.C.” dont l’adresse...",1974,Belleville,1974-01-01,Filme amador e memória familiar,Arquivo audiovisual institucional
CINÉAM,cineam,France,Europe,FR-CINEAM,Institutional amateur film and audiovisual archive,https://www.cineam.asso.fr/,True,True,https://www.cineam.asso.fr/exploration-905-0-0-0.html,CINÉAM,https://diazcineam.oembed.diazinteregio.org/video/STOJANOVIC/0302FI0015.mp4,Famille dans l'appartement,Dušanka STOJANOVIC; Télévision (activité) Réunion de famille,"Registro público do catálogo CINÉAM / DiazInteregio. | realização: Dušanka STOJANOVIC | formato: Film super 8 | som: Muet | coloração: Couleur | duração: 00:03:25 | descritores: Télévision (activité) Réunion de famille | embed: https://diazcineam.oembed.diazinteregio.org/embed/STOJANOVIC/0302FI0015?feature=oembed | fonte de vídeo: video/mp4 | Contexte : Dušanka est partie de Serbie à l’âge de 28 ans en 1967. Elle rencontre son mari dans un atelier de couture, puis ils montent leur propre atelier rue Jean Pierre Timbaud à Paris. Elle s’achète une caméra Super 8. Ils vivent rue de Belleville. Choc pétrolier, fin 70, l’atelier ne tient plus. En été, la famille nombreuse retourne dans le petit village natal de Dušanka pour retrouver leurs aïeuls. Résumé : Les filles de Dušanka sont habillées de la même manière, en petites robes noires brodées de fleurs au niveau de la poitrine. À la télévision, Nana Mouskouri chante dans une émission diffusée en noir et blanc. D’autres membres de la famille sont installés sur le canapé et sur des chaises, deux adolescentes sont très complices, assises l’une à côté de l’autre tandis que Dušanka est assise sur une chaise en face avec sa benjamine sur les genoux et l’aînée à côté.",1974,Famille dans l'appartement,1974-01-01,Filme amador e memória familiar,Arquivo audiovisual institucional
CINÉAM,cineam,France,Europe,FR-CINEAM,Institutional amateur film and audiovisual archive,https://www.cineam.asso.fr/,True,True,https://www.cineam.asso.fr/exploration-905-0-0-0.html,CINÉAM,https://diazcineam.oembed.diazinteregio.org/video/STOJANOVIC/0302FI0020.mp4,Les filles et leur dinette,Dušanka STOJANOVIC; Noël Réunion de famille Jeu d'enfant,"Registro público do catálogo CINÉAM / DiazInteregio. | realização: Dušanka STOJANOVIC | formato: Film super 8 | som: Muet | coloração: Couleur | duração: 00:03:23 | descritores: Noël Réunion de famille Jeu d'enfant | embed: https://diazcineam.oembed.diazinteregio.org/embed/STOJANOVIC/0302FI0020?feature=oembed | fonte de vídeo: video/mp4 | Contexte : Dušanka est partie de Serbie à l’âge de 28 ans en 1967. Elle rencontre son mari dans un atelier de couture, puis ils montent leur propre atelier rue Jean Pierre Timbaud à Paris. Elle s’achète une caméra Super 8. Ils vivent rue de Belleville. Choc pétrolier, fin 70, l’atelier ne tient plus. En été, la famille nombreuse retourne dans le petit village natal de Dušanka pour retrouver leurs aïeuls. Résumé : Les filles de Dušanka ont des tenues assorties : chemise bleue sous une robe noire brodée de liserés blancs et fleurs rouges. Toute la famille est réunie et regarde les fillettes déballer leur cadeau de Noël, une dinette. Dušanka joue avec ses filles, elles font semblant de boire le thé.",1974,Les filles et leur dinette,1974-01-01,Filme amador e memória familiar,Arquivo audiovisual institucional
CINÉAM,cineam,France,Europe,FR-CINEAM,Institutional amateur film and audiovisual archive,https://www.cineam.asso.fr/,True,True,https://www.cineam.asso.fr/exploration-905-0-0-0.html,CINÉAM,https://diazcineam.oembed.diazinteregio.org/video/STOJANOVIC/0302FI0016.mp4,Renault 4L et famille en bord de route,Dušanka STOJANOVIC; Vie de famille Mode Vêtement Avion Renault 4L,"Registro público do catálogo CINÉAM / DiazInteregio. | realização: Dušanka STOJANOVIC | formato: Film super 8 | som: Muet | coloração: Couleur | duração: 00:03:23 | descritores: Vie de famille Mode Vêtement Avion Renault 4L | embed: https://diazcineam.oembed.diazinteregio.org/embed/STOJANOVIC/0302FI0016?feature=oembed | fonte de vídeo: video/mp4 | Contexte : Dušanka est partie de Serbie à l’âge de 28 ans en 1967. Elle rencontre son mari dans un atelier de couture, puis ils montent leur propre atelier rue Jean Pierre Timbaud à Paris. Elle s’achète une caméra Super 8. Ils vivent rue de Belleville. Choc pétrolier, fin 70, l’atelier ne tient plus. En été, la famille nombreuse retourne dans le petit village natal de Dušanka pour retrouver leurs aïeuls. Résumé : Un avion survole le champ au bord duquel Dušanka et sa famille ont garé leur Renault 4L, sur le bas-côté d’une route de campagne. Ils sont six, Dušanka, son mari, leur deux filles, l’adolescente qui vit avec eux ainsi qu’une autre adolescente. Ces dernières sont vêtues quasiment de la même manière avec une chemise blanche manches longues et un pull sans manche noir. L’une porte un pantalon pattes d’eph et l’autre une jupe noire fleurie. Dušanka et ses filles ont aussi des tenue...",1974,Renault 4L et famille en bord de route,1974-01-01,Filme amador e memória familiar,Arquivo audiovisual institucional
CINÉAM,cineam,France,Europe,FR-CINEAM,Institutional amateur film and audiovisual archive,https://www.cineam.asso.fr/,True,True,https://www.cineam.asso.fr/exploration-905-0-0-0.html,CINÉAM,https://diazcineam.oembed.diazinteregio.org/video/STOJANOVIC/0302FI0009.mp4,Second anniversaire en intérieur,Dušanka STOJANOVIC; Gâteau d'anniversaire Repas de famille,"Registro público do catálogo CINÉAM / DiazInteregio. | realização: Dušanka STOJANOVIC | formato: Film super 8 | som: Muet | coloração: Couleur | duração: 00:03:22 | descritores: Gâteau d'anniversaire Repas de famille | embed: https://diazcineam.oembed.diazinteregio.org/embed/STOJANOVIC/0302FI0009?feature=oembed | fonte de vídeo: video/mp4 | Contexte : Dusanka est partie de Serbie à l’âge de 28 ans en 1967. Elle rencontre son mari dans un atelier de couture, puis ils montent leur propre atelier rue Jean Pierre Timbaud à Paris. Elle s’achète une caméra Super 8. Ils vivent rue de Belleville. Choc pétrolier, fin 70, l’atelier ne tient plus. En été, la famille nombreuse retourne dans le petit village natal de Dusanka pour retrouver leurs aïeuls. Résumé : Toute la famille est réunie (père, mère, les deux filles et l’adolescente qui vit avec eux) sur le canapé dans le salon. L’aînée des filles fête son troisième anniversaire (trois bougies sur le gâteau) et tout le monde mange et boit.",1974,Second anniversaire en intérieur,1974-01-01,Filme amador e memória familiar,Arquivo audiovisual institucional
CINÉAM,cineam,France,Europe,FR-CINEAM,Institutional amateur film and audiovisual archive,https://www.cineam.asso.fr/,True,True,https://www.cineam.asso.fr/exploration-905-0-0-0.html,CINÉAM,https://diazcineam.oembed.diazinteregio.org/video/STOJANOVIC/0302FI0012.mp4,Suite troisème anniversaire en appartement,Dušanka STOJANOVIC; Réunion de famille Gâteau d'anniversaire,"Registro público do catálogo CINÉAM / DiazInteregio. | realização: Dušanka STOJANOVIC | formato: Film super 8 | som: Muet | coloração: Couleur | duração: 00:03:25 | descritores: Réunion de famille Gâteau d'anniversaire | embed: https://diazcineam.oembed.diazinteregio.org/embed/STOJANOVIC/0302FI0012?feature=oembed | fonte de vídeo: video/mp4 | Contexte : Dusanka est partie de Serbie à l’âge de 28 ans en 1967. Elle rencontre son mari dans un atelier de couture, puis ils montent leur propre atelier rue Jean Pierre Timbaud à Paris. Elle s’achète une caméra Super 8. Ils vivent rue de Belleville. Choc pétrolier, fin 70, l’atelier ne tient plus. En été, la famille nombreuse retourne dans le petit village natal de Dusanka pour retrouver leurs aïeuls. Résumé : La famille est réunie dans l’appartement pour fêter l’anniversaire de l’aînée des filles de Dusanka. Celle-ci est sur les genoux de son grand-père et tous les adultes autour de la table trinquent avec des verres d’alcool. Ils mangent également. La lumière de la caméra aveugle légèrement les invités qui plissent les yeux dès que l’objectif tend vers eux.",1974,Suite troisème anniversaire en appartement,1974-01-01,Filme amador e memória familiar,Arquivo audiovisual institucional
CINÉAM,cineam,France,Europe,FR-CINEAM,Institutional amateur film and audiovisual archive,https://www.cineam.asso.fr/,True,True,https://www.cineam.asso.fr/exploration-905-0-0-0.html,CINÉAM,https://diazcineam.oembed.diazinteregio.org/video/STOJANOVIC/0302FI0010.mp4,Troisième anniversaire en intérieur,Dušanka STOJANOVIC; Enfant Réunion de famille Gâteau d'anniversaire,"Registro público do catálogo CINÉAM / DiazInteregio. | realização: Dušanka STOJANOVIC | formato: Film super 8 | som: Muet | coloração: Couleur | duração: 00:03:34 | descritores: Enfant Réunion de famille Gâteau d'anniversaire | embed: https://diazcineam.oembed.diazinteregio.org/embed/STOJANOVIC/0302FI0010?feature=oembed | fonte de vídeo: video/mp4 | Contexte : Dusanka est partie de Serbie à l’âge de 28 ans en 1967. Elle rencontre son mari dans un atelier de couture, puis ils montent leur propre atelier rue Jean Pierre Timbaud à Paris. Elle s’achète une caméra Super 8. Ils vivent rue de Belleville. Choc pétrolier, fin 70, l’atelier ne tient plus. En été, la famille nombreuse retourne dans le petit village natal de Dusanka pour retrouver leurs aïeuls. Résumé : Dans l’appartement à Paris, toute la famille est réunie pour le troisième anniversaire de la fille aînée de Dusanka. Cette dernière est assise sur les genoux de son grand-père, son gâteau d’anniversaire devant elle. Les invités ont l’air particulièrement gênés par la lumière de la caméra lorsque Dusanka les filme. Son mari lui fait même signe d’arrêter tout en lui tournant le dos.",1974,Troisième anniversaire en intérieur,1974-01-01,Filme amador e memória familiar,Arquivo audiovisual institucional
CINÉAM,cineam,France,Europe,FR-CINEAM,Institutional amateur film and audiovisual archive,https://www.cineam.asso.fr/,True,True,https://www.cineam.asso.fr/exploration-905-0-0-0.html,CINÉAM,https://diazcineam.oembed.diazinteregio.org/video/STOJANOVIC/0302FI0008.mp4,Au pays : les enfants dans la cour de la ferme,Dušanka STOJANOVIC; Serbie Animal de la ferme Porc Immigration Vie de famille Vêtement,"Registro público do catálogo CINÉAM / DiazInteregio. | realização: Dušanka STOJANOVIC | formato: Film super 8 | som: Muet | coloração: Couleur | duração: 00:03:34 | descritores: Serbie Animal de la ferme Porc Immigration Vie de famille Vêtement | embed: https://diazcineam.oembed.diazinteregio.org/embed/STOJANOVIC/0302FI0008?feature=oembed | fonte de vídeo: video/mp4 | Contexte : La réalisatrice Dušanka Stojanovic est partie de Serbie à l’âge de 28 ans en 1967. Elle rencontre son mari dans un atelier de couture, puis ils montent leur propre atelier rue Jean Pierre Timbaud à Paris. Elle s’achète une caméra Super 8. Ils vivent rue de Belleville. Choc pétrolier, à la fin des années 70, l’atelier ne tient plus. En été, la famille nombreuse retourne dans le petit village natal de Dušanka pour retrouver la famille restée au pays. Résumé : Les filles sont habillées avec des minirobes oranges à carreaux blancs. Elles tiennent la main d’autres enfants d’environ le même âge. Ils avancent vers la caméra. Dans une cour, les mêmes enfants jouent et sont surveillés par un couple, la femme porte un bébé dans ses bras. Les enfants sont mis en rang d’oignon devant la caméra, l’aînée prend un porcelet dans ses bras. NOIR Changement de décor, les filles sont dans un jar...",1973,Au pays : les enfants dans la cour de la ferme,1973-01-01,Filme amador e memória familiar,Arquivo audiovisual institucional
CINÉAM,cineam,France,Europe,FR-CINEAM,Institutional amateur film and audiovisual archive,https://www.cineam.asso.fr/,True,True,https://www.cineam.asso.fr/exploration-905-0-0-0.html,CINÉAM,https://diazcineam.oembed.diazinteregio.org/video/STOJANOVIC/0302FI0003.mp4,Enfants et grand père sur le balcon,Dušanka STOJANOVIC; Grand-père Enfant Vie de famille Costume (tenue homme),"Registro público do catálogo CINÉAM / DiazInteregio. | realização: Dušanka STOJANOVIC | formato: Film super 8 | som: Muet | coloração: Couleur | duração: 00:03:30 | descritores: Grand-père Enfant Vie de famille Costume (tenue homme) | embed: https://diazcineam.oembed.diazinteregio.org/embed/STOJANOVIC/0302FI0003?feature=oembed | fonte de vídeo: video/mp4 | Contexte : Dusanka est partie de Serbie à l’âge de 28 ans en 1967. Elle rencontre son mari dans un atelier de couture, puis ils montent leur propre atelier rue Jean Pierre Timbaud à Paris. Elle s’achète une caméra Super 8. Ils vivent rue de Belleville. Choc pétrolier, fin 70, l’atelier ne tient plus. En été, la famille nombreuse retourne dans le petit village natal de Dusanka pour retrouver leurs aïeuls. Résumé : Les deux soeurs sont un peu plus grandes, entre deux et quatre ans, elles jouent en s’accrochant à la balustrade du balcon. Celui-ci mène sur une cour intérieure. L’aînée vient face à la caméra et danse. La plus petite chute et l’adolescente qui vit avec elles vient la relever. Les deux sœurs jouent et dansent devant la caméra. Elles sont rejointes par un vieil homme moustachu et vêtu d’un costume. La cadette porte son chapeau et sa canne. Les deux petites l’embrassent.",1973,Enfants et grand père sur le balcon,1973-01-01,Filme amador e memória familiar,Arquivo audiovisual institucional
CINÉAM,cineam,France,Europe,FR-CINEAM,Institutional amateur film and audiovisual archive,https://www.cineam.asso.fr/,True,True,https://www.cineam.asso.fr/exploration-905-0-0-0.html,CINÉAM,https://diazcineam.oembed.diazinteregio.org/video/STOJANOVIC/0302FI0005.mp4,Famille au pays,Dušanka STOJANOVIC; Enfant Vie de famille Mode Vêtement Promenade,"Registro público do catálogo CINÉAM / DiazInteregio. | realização: Dušanka STOJANOVIC | formato: Film super 8 | som: Muet | coloração: Couleur | duração: 00:03:30 | descritores: Enfant Vie de famille Mode Vêtement Promenade | embed: https://diazcineam.oembed.diazinteregio.org/embed/STOJANOVIC/0302FI0005?feature=oembed | fonte de vídeo: video/mp4 | Contexte : Dusanka est partie de Serbie à l’âge de 28 ans en 1967. Elle rencontre son mari dans un atelier de couture, puis ils montent leur propre atelier rue Jean Pierre Timbaud à Paris. Elle s’achète une caméra Super 8. Ils vivent rue de Belleville. Choc pétrolier, fin 70, l’atelier ne tient plus. En été, la famille nombreuse retourne dans le petit village natal de Dusanka pour retrouver leurs aïeuls. Résumé : Dusanka porte sa plus jeune fille à bras, elle est avec une autre femme puis elles sont rejointes par d’autres enfants dont la fille aînée de Dusanka. Un homme seul parle à la caméra. Une femme se balade avec deux petits garçons vêtus d’une salopette bleu marine et t-shirt bleu rayé. Les deux filles de Dusanka sont avec eux et sont également vêtues de la même manière l’une et l’autre à savoir une minirobe blanche à manches courtes. Toutes les scènes sont filmées à l’extérieur,...",1973,Famille au pays,1973-01-01,Filme amador e memória familiar,Arquivo audiovisual institucional
CINÉAM,cineam,France,Europe,FR-CINEAM,Institutional amateur film and audiovisual archive,https://www.cineam.asso.fr/,True,True,https://www.cineam.asso.fr/exploration-905-0-0-0.html,CINÉAM,https://diazcineam.oembed.diazinteregio.org/video/STOJANOVIC/0302FI0002.mp4,Fête d'anniversaire en appartement,Dušanka STOJANOVIC; Paris (75) Enfant Vie de famille Gâteau d'anniversaire,"Registro público do catálogo CINÉAM / DiazInteregio. | realização: Dušanka STOJANOVIC | formato: Film super 8 | som: Muet | coloração: Couleur | duração: 00:03:30 | descritores: Paris (75) Enfant Vie de famille Gâteau d'anniversaire | embed: https://diazcineam.oembed.diazinteregio.org/embed/STOJANOVIC/0302FI0002?feature=oembed | fonte de vídeo: video/mp4 | Contexte : Dusanka est partie de Serbie à l’âge de 28 ans en 1967. Elle rencontre son mari dans un atelier de couture, puis ils montent leur propre atelier rue Jean Pierre Timbaud à Paris. Elle s’achète une caméra Super 8. Ils vivent rue de Belleville. Choc pétrolier, fin 70, l’atelier ne tient plus. En été, la famille nombreuse retourne dans le petit village natal de Dusanka pour retrouver leurs aïeuls. Résumé : La fille aînée fête ses trois ans. Elle est assise derrière un gâteau surmonté de trois bougies et attrape un biscuit cuiller avant de le manger. Elle se dirige ensuite vers sa petite soeur et une adolescente. La petite soeur, qui doit être âgée d’un ou deux ans, mange un biscuit cuiller à son tour. Les deux soeurs jouent ensemble et sont habillées de la même manière. Dusanka porte ses deux filles dans ses bras et les embrasse, mange le biscuit cuiller que la benjamine lui tend...",1973,Fête d'anniversaire en appartement,1973-01-01,Filme amador e memória familiar,Arquivo audiovisual institucional
CINÉAM,cineam,France,Europe,FR-CINEAM,Institutional amateur film and audiovisual archive,https://www.cineam.asso.fr/,True,True,https://www.cineam.asso.fr/exploration-905-0-0-0.html,CINÉAM,https://diazcineam.oembed.diazinteregio.org/video/STOJANOVIC/0302FI0004.mp4,La famille sur le canapé,Dušanka STOJANOVIC; Fête de famille Salon,"Registro público do catálogo CINÉAM / DiazInteregio. | realização: Dušanka STOJANOVIC | formato: Film super 8 | som: Muet | coloração: Couleur | duração: 00:03:34 | descritores: Fête de famille Salon | embed: https://diazcineam.oembed.diazinteregio.org/embed/STOJANOVIC/0302FI0004?feature=oembed | fonte de vídeo: video/mp4 | Contexte : Dusanka est partie de Serbie à l’âge de 28 ans en 1967. Elle rencontre son mari dans un atelier de couture, puis ils montent leur propre atelier rue Jean Pierre Timbaud à Paris. Elle s’achète une caméra Super 8. Ils vivent rue de Belleville. Choc pétrolier, fin 70, l’atelier ne tient plus. En été, la famille nombreuse retourne dans le petit village natal de Dusanka pour retrouver leurs aïeuls. Résumé : Scène familiale dans laquelle on aperçoit Dusanka, ses deux filles son mari et d’autres membres de la famille regroupés dans le canapé, discutant et riant tous ensemble. NOIR Autre scène familiale dans laquelle les deux petites filles sont assises sur le canapé avec un couple de personnes plus âgées fumant chacun une cigarette. Leur père est également à leurs côtés ainsi qu’une adolescente.",1973,La famille sur le canapé,1973-01-01,Filme amador e memória familiar,Arquivo audiovisual institucional
CINÉAM,cineam,France,Europe,FR-CINEAM,Institutional amateur film and audiovisual archive,https://www.cineam.asso.fr/,True,True,https://www.cineam.asso.fr/exploration-905-0-0-0.html,CINÉAM,https://diazcineam.oembed.diazinteregio.org/video/STOJANOVIC/0302FI0014.mp4,Repas familial,Dušanka STOJANOVIC; Réunion de famille Repas de famille,"Registro público do catálogo CINÉAM / DiazInteregio. | realização: Dušanka STOJANOVIC | formato: Film super 8 | som: Muet | coloração: Couleur | duração: 00:03:24 | descritores: Réunion de famille Repas de famille | embed: https://diazcineam.oembed.diazinteregio.org/embed/STOJANOVIC/0302FI0014?feature=oembed | fonte de vídeo: video/mp4 | Contexte : Dušanka est partie de Serbie à l’âge de 28 ans en 1967. Elle rencontre son mari dans un atelier de couture, puis ils montent leur propre atelier rue Jean Pierre Timbaud à Paris. Elle s’achète une caméra Super 8. Ils vivent rue de Belleville. Choc pétrolier, fin 70, l’atelier ne tient plus. En été, la famille nombreuse retourne dans le petit village natal de Dušanka pour retrouver leurs aïeuls. Résumé : Une personne est filmée dans la pénombre, seule la lumière filtrant par les fenêtres permet de distinguer une silhouette. Repas de famille, tout le monde est rassemblé autour de la table. La benjamine de Dušanka est sur les genoux d’un autre grand-père. Une femme est assise à leurs côtés. Le mari de Dušanka parle à la caméra. Dušanka apparaît devant la caméra, près de ses filles. Comme pour d’autres films, les personnes présentes sont presque aveuglées par la lumière de la camé...",1973,Repas familial,1973-01-01,Filme amador e memória familiar,Arquivo audiovisual institucional
CINÉAM,cineam,France,Europe,FR-CINEAM,Institutional amateur film and audiovisual archive,https://www.cineam.asso.fr/,True,True,https://www.cineam.asso.fr/exploration-905-0-0-0.html,CINÉAM,https://www.cineam.asso.fr/exploration-budapest-septembre-1968-905-0-0-0.html?_doc=9%3A4%3A4245&page=1,BUDAPEST Septembre 1968,Jean DEFRESNES; Budapest,Registro público do catálogo CINÉAM / DiazInteregio. | realização: Jean DEFRESNES | formato: Film super 8 | som: Muet | coloração: Couleur | duração: 00:06:56 | descritores: Budapest,1968,BUDAPEST Septembre 1968,1968-01-01,Filme amador e memória familiar,Arquivo audiovisual institucional
CINÉAM,cineam,France,Europe,FR-CINEAM,Institutional amateur film and audiovisual archive,https://www.cineam.asso.fr/,True,True,https://www.cineam.asso.fr/exploration-905-0-0-0.html,CINÉAM,https://diazcineam.oembed.diazinteregio.org/video/TENOT/0280FS0012.mp4,Porte d'Auteuil - Construction du Pont Garigliano,Jean TÉNOT; Paris (75) Pont Construction d'ouvrage d'art,Registro público do catálogo CINÉAM / DiazInteregio. | realização: Jean TÉNOT | formato: Film 16 mm | som: Muet | coloração: Noir & Blanc | duração: 00:19:53 | descritores: Paris (75) Pont Construction d'ouvrage d'art | embed: https://diazcineam.oembed.diazinteregio.org/embed/TENOT/0280FS0012?feature=oembed | fonte de vídeo: video/mp4 | Construction du Pont Garigliano,1963,Porte d'Auteuil - Construction du Pont Garigliano,1963-01-01,"Território, cidade e memória local",Arquivo audiovisual institucional
CINÉAM,cineam,France,Europe,FR-CINEAM,Institutional amateur film and audiovisual archive,https://www.cineam.asso.fr/,True,True,https://www.cineam.asso.fr/exploration-905-0-0-0.html,CINÉAM,https://diazcineam.oembed.diazinteregio.org/video/ALEPB/0272FS0012.mp4,1960 II - Karting - Fête Musique - Kermesse,Amicale Laique des Ecoles Publiques de Brétigny; Brétigny-sur-Orge (91),Registro público do catálogo CINÉAM / DiazInteregio. | realização: Amicale Laique des Ecoles Publiques de Brétigny | formato: Film 16 mm | som: Muet | coloração: Couleur | duração: 00:14:48 | descritores: Brétigny-sur-Orge (91) | embed: https://diazcineam.oembed.diazinteregio.org/embed/ALEPB/0272FS0012?feature=oembed | fonte de vídeo: video/mp4,1960,1960 II - Karting - Fête Musique - Kermesse,1960-01-01,"Documentário, cotidiano e memória local",Arquivo audiovisual institucional
CINÉAM,cineam,France,Europe,FR-CINEAM,Institutional amateur film and audiovisual archive,https://www.cineam.asso.fr/,True,True,https://www.cineam.asso.fr/exploration-905-0-0-0.html,CINÉAM,https://diazcineam.oembed.diazinteregio.org/video/ALEPB/0272FS0017.mp4,Deauville - kermesse,Amicale Laique des Ecoles Publiques de Brétigny; Brétigny-sur-Orge (91),Registro público do catálogo CINÉAM / DiazInteregio. | realização: Amicale Laique des Ecoles Publiques de Brétigny | formato: Film 16 mm | som: Muet | coloração: Couleur | duração: 00:03:29 | descritores: Brétigny-sur-Orge (91) | embed: https://diazcineam.oembed.diazinteregio.org/embed/ALEPB/0272FS0017?feature=oembed | fonte de vídeo: video/mp4,1960,Deauville - kermesse,1960-01-01,"Documentário, cotidiano e memória local",Arquivo audiovisual institucional
CINÉAM,cineam,France,Europe,FR-CINEAM,Institutional amateur film and audiovisual archive,https://www.cineam.asso.fr/,True,True,https://www.cineam.asso.fr/exploration-905-0-0-0.html,CINÉAM,https://diazcineam.oembed.diazinteregio.org/video/ALEPB/0272FS0020.mp4,Fête,Amicale Laique des Ecoles Publiques de Brétigny; Brétigny-sur-Orge (91),"Registro público do catálogo CINÉAM / DiazInteregio. | realização: Amicale Laique des Ecoles Publiques de Brétigny | formato: Film 16 mm | som: Muet | coloração: Couleur | duração: 00:12:50 | descritores: Brétigny-sur-Orge (91) | embed: https://diazcineam.oembed.diazinteregio.org/embed/ALEPB/0272FS0020?feature=oembed | fonte de vídeo: video/mp4 | Titré sur la boîte: Images d'Italie 31 Mais on voit une localité en France,probablement Brétigny-sur-Orge (91)",1960,Fête,1960-01-01,"Documentário, cotidiano e memória local",Arquivo audiovisual institucional
CINÉAM,cineam,France,Europe,FR-CINEAM,Institutional amateur film and audiovisual archive,https://www.cineam.asso.fr/,True,True,https://www.cineam.asso.fr/exploration-905-0-0-0.html,CINÉAM,https://diazcineam.oembed.diazinteregio.org/video/ALEPB/0272FS0014.mp4,Karting - Fête Musique - Kermesse - 1960,Amicale Laique des Ecoles Publiques de Brétigny; Brétigny-sur-Orge (91),Registro público do catálogo CINÉAM / DiazInteregio. | realização: Amicale Laique des Ecoles Publiques de Brétigny | formato: Film 16 mm | som: Muet | coloração: Couleur | duração: 00:06:53 | descritores: Brétigny-sur-Orge (91) | embed: https://diazcineam.oembed.diazinteregio.org/embed/ALEPB/0272FS0014?feature=oembed | fonte de vídeo: video/mp4,1960,Karting - Fête Musique - Kermesse - 1960,1960-01-01,"Documentário, cotidiano e memória local",Arquivo audiovisual institucional
CINÉAM,cineam,France,Europe,FR-CINEAM,Institutional amateur film and audiovisual archive,https://www.cineam.asso.fr/,True,True,https://www.cineam.asso.fr/exploration-905-0-0-0.html,CINÉAM,https://diazcineam.oembed.diazinteregio.org/video/ALEPB/0272FS0019.mp4,Visite du maire à l'école - Mme Tessier,Amicale Laique des Ecoles Publiques de Brétigny; Brétigny-sur-Orge (91),Registro público do catálogo CINÉAM / DiazInteregio. | realização: Amicale Laique des Ecoles Publiques de Brétigny | formato: Film 16 mm | som: Muet | coloração: Noir & Blanc | duração: 00:02:42 | descritores: Brétigny-sur-Orge (91) | embed: https://diazcineam.oembed.diazinteregio.org/embed/ALEPB/0272FS0019?feature=oembed | fonte de vídeo: video/mp4,1960,Visite du maire à l'école - Mme Tessier,1960-01-01,"Documentário, cotidiano e memória local",Arquivo audiovisual institucional
CINÉAM,cineam,France,Europe,FR-CINEAM,Institutional amateur film and audiovisual archive,https://www.cineam.asso.fr/,True,True,https://www.cineam.asso.fr/exploration-905-0-0-0.html,CINÉAM,https://diazcineam.oembed.diazinteregio.org/video/ALEPB/0272FS0011.mp4,Écoles - Danse - Théâtre - Sorties - Karting,Amicale Laique des Ecoles Publiques de Brétigny; Brétigny-sur-Orge (91),Registro público do catálogo CINÉAM / DiazInteregio. | realização: Amicale Laique des Ecoles Publiques de Brétigny | formato: Film 16 mm | som: Muet | coloração: NB et Couleur | duração: 00:17:22 | descritores: Brétigny-sur-Orge (91) | embed: https://diazcineam.oembed.diazinteregio.org/embed/ALEPB/0272FS0011?feature=oembed | fonte de vídeo: video/mp4,1960,Écoles - Danse - Théâtre - Sorties - Karting,1960-01-01,"Documentário, cotidiano e memória local",Arquivo audiovisual institucional
CINÉAM,cineam,France,Europe,FR-CINEAM,Institutional amateur film and audiovisual archive,https://www.cineam.asso.fr/,True,True,https://www.cineam.asso.fr/exploration-905-0-0-0.html,CINÉAM,https://diazcineam.oembed.diazinteregio.org/video/ALEPB/0272FS0007.mp4,1959 II,Amicale Laique des Ecoles Publiques de Brétigny; Brétigny-sur-Orge (91) Orchestre Danse (spectacle),"Registro público do catálogo CINÉAM / DiazInteregio. | realização: Amicale Laique des Ecoles Publiques de Brétigny | formato: Film 16 mm | som: Muet | coloração: Noir & Blanc | duração: 00:02:44 | descritores: Brétigny-sur-Orge (91) Orchestre Danse (spectacle) | embed: https://diazcineam.oembed.diazinteregio.org/embed/ALEPB/0272FS0007?feature=oembed | fonte de vídeo: video/mp4 | Ce fonds de l'Amicale Laïque de Brétigny-sur-Orge documente la vie locale entre la fin des années 1950 et le milieu des années 1960, période de profonde transformation pour cette ville de la banlieue parisienne en pleine expansion. Au fil des bobines, on suit la croissance rapide d'une « ville champignon » : construction de nouveaux lotissements, ouverture du groupe scolaire Gabriel Chevrier, vie associative et scolaire autour de l'école publique laïque. Kermesses, distributions de prix, rentrées, compétitions de judo et tournois de pétanque côtoient des sorties organisées, à Paris, à la piscine, ou jusqu'en Algérie, à Ouargla, Alger, Hassi Messaoud. Tournés par des membres de l'association, ces films constituent un témoignage vivant du quotidien des familles dans la France des Trente Glorieuses. Résumé: Spectacle de danse effectué par un groupe de jeunes filles, sur scène, en synchroni...",1959,1959 II,1959-01-01,"Documentário, cotidiano e memória local",Arquivo audiovisual institucional
CINÉAM,cineam,France,Europe,FR-CINEAM,Institutional amateur film and audiovisual archive,https://www.cineam.asso.fr/,True,True,https://www.cineam.asso.fr/exploration-905-0-0-0.html,CINÉAM,https://diazcineam.oembed.diazinteregio.org/video/ALEPB/0272FS0005.mp4,Dieppe - Défilé - Kermesse 1958,Amicale Laique des Ecoles Publiques de Brétigny; Brétigny-sur-Orge (91),Registro público do catálogo CINÉAM / DiazInteregio. | realização: Amicale Laique des Ecoles Publiques de Brétigny | formato: Film 16 mm | som: Muet | coloração: Noir & Blanc | duração: 00:11:02 | descritores: Brétigny-sur-Orge (91) | embed: https://diazcineam.oembed.diazinteregio.org/embed/ALEPB/0272FS0005?feature=oembed | fonte de vídeo: video/mp4,1958,Dieppe - Défilé - Kermesse 1958,1958-01-01,"Documentário, cotidiano e memória local",Arquivo audiovisual institucional
CINÉAM,cineam,France,Europe,FR-CINEAM,Institutional amateur film and audiovisual archive,https://www.cineam.asso.fr/,True,True,https://www.cineam.asso.fr/exploration-905-0-0-0.html,CINÉAM,https://diazcineam.oembed.diazinteregio.org/video/ALEPB/0272FS0006.mp4,Rentrée des classes 1958,Amicale Laique des Ecoles Publiques de Brétigny; Brétigny-sur-Orge (91) Sortie scolaire Jeu d'enfant,"Registro público do catálogo CINÉAM / DiazInteregio. | realização: Amicale Laique des Ecoles Publiques de Brétigny | formato: Film 16 mm | som: Muet | coloração: Couleur | duração: 00:04:13 | descritores: Brétigny-sur-Orge (91) Sortie scolaire Jeu d'enfant | embed: https://diazcineam.oembed.diazinteregio.org/embed/ALEPB/0272FS0006?feature=oembed | fonte de vídeo: video/mp4 | Ce fonds de l'Amicale Laïque de Brétigny-sur-Orge documente la vie locale entre la fin des années 1950 et le milieu des années 1960, période de profonde transformation pour cette ville de la banlieue parisienne en pleine expansion. Au fil des bobines, on suit la croissance rapide d'une « ville champignon » : construction de nouveaux lotissements, ouverture du groupe scolaire Gabriel Chevrier, vie associative et scolaire autour de l'école publique laïque. Kermesses, distributions de prix, rentrées, compétitions de judo et tournois de pétanque côtoient des sorties organisées, à Paris, à la piscine, ou jusqu'en Algérie, à Ouargla, Alger, Hassi Messaoud. Tournés par des membres de l'association, ces films constituent un témoignage vivant du quotidien des familles dans la France des Trente Glorieuses. Résumé: Un groupe d’enfants est assis en rond dans la forêt. Une femme leur distribue un pi...",1958,Rentrée des classes 1958,1958-01-01,Filme amador e memória familiar,Arquivo audiovisual institucional
CINÉAM,cineam,France,Europe,FR-CINEAM,Institutional amateur film and audiovisual archive,https://www.cineam.asso.fr/,True,True,https://www.cineam.asso.fr/exploration-905-0-0-0.html,CINÉAM,https://diazcineam.oembed.diazinteregio.org/video/MAXANT/0207FN0049_WEB.mp4,Une bonne farce - Sucy au Printemps - Montévrain,Edouard MAXANT; Amusement Aire de jeux Parc,"Registro público do catálogo CINÉAM / DiazInteregio. | realização: Edouard MAXANT | formato: Film 9,5 mm | som: Muet | coloração: Noir & Blanc | duração: 00:06:42 | descritores: Amusement Aire de jeux Parc | embed: https://diazcineam.oembed.diazinteregio.org/embed/MAXANT/0207FN0049_WEB?feature=oembed | fonte de vídeo: video/mp4 | Résumé court : Saynète. Les parents Maxant et des amis en 1946. (images un peu rapides). Résumé détaillé : Carton-titre : “LES FILMS C.M PRÉSENTENT” - “UNE BONNE FARCE SUCY 1946”. Alice et Edouard Maxant avec des amis jettent des cailloux dans un seau, mais ratent la cible. Charles (le père) se moque d’eux. Carton-titre : “QUE VOUS ÊTES MALADROITS..!”. Il va leur montrer comment lancer. Carton-titre : “PAS PLUS DIFFICILE QUE ÇA !”. En voulant récupérer son caillou dans le récipient, sa main touche une substance visqueuse. Carton-titre : “C’EST MALIN, VOUS POUVEZ RIRE !”. Les amis rigolent et il s’en va en boudant. Un couple est sur un chemin et va se cacher dans la végétation ; ils s’enlacent. Un repas de famille dans un jardin. Plusieurs plans d’Alice (la mère d’Edouard Maxant) : elle donne à manger au chien. Elle est avec son mari Charles et des amis dans un parc (ils grimpent une éch...",1946,Une bonne farce - Sucy au Printemps - Montévrain,1946-01-01,Filme amador e memória familiar,Arquivo audiovisual institucional
CINÉAM,cineam,France,Europe,FR-CINEAM,Institutional amateur film and audiovisual archive,https://www.cineam.asso.fr/,True,True,https://www.cineam.asso.fr/exploration-905-0-0-0.html,CINÉAM,https://diazcineam.oembed.diazinteregio.org/video/MAXANT/0207FN0048_WEB.mp4,Lourdes - Hiver à Chamonix - La Belgique,Edouard MAXANT; Chamonix (74) Lourdes (65) Belgique Montagne Militaire Sport de glace Patinage (sport) Visite touristique,"Registro público do catálogo CINÉAM / DiazInteregio. | realização: Edouard MAXANT | formato: Film 9,5 mm | som: Muet | coloração: Noir & Blanc | duração: 00:02:56 | descritores: Chamonix (74) Lourdes (65) Belgique Montagne Militaire Sport de glace Patinage (sport) Visite touristique | embed: https://diazcineam.oembed.diazinteregio.org/embed/MAXANT/0207FN0048_WEB?feature=oembed | fonte de vídeo: video/mp4 | Résumé court : Lourdes (65100) en 1945. Un hiver à Chamonix (74400) et divers sports de glisse. Charles Maxant en militaire (images un peu rapides). Résumé détaillé : Carton-titre : “LES FILMS C.M PRÉSENTENT” - “LOURDES NOV 45” - “SUR LA TERRASSE DE L’OBSERVATOIRE” - “SUR LES PENTES DU JER” Des couples habillés en tenues de ville descendent les pentes des montagnes. Carton-titre : “FIN”. Carton-titre : “EN HIVER A CHAMONIX, DES TRAINEAUX VIENNENT À LA GARE CHERCHER LES VOYAGEURS” - “HOCKEY SUR GLACE” - “COURSES D’OBSTACLES”. Des hommes en patins à glace passent sous une poutre en bois. Carton-titre : “QUELQUES JOLIES FIGURES DE PATINAGE”. Un couple danse en patinant sur la glace. Carton-titre : “FIN”. Charles Maxant marche dans un champ en tenue militaire (voir film 0207FN0034 pour la contextualisation); d’autres militaires apparaissent à côté d’un gros camion. Ils sont sur le bord de l...",1945,Lourdes - Hiver à Chamonix - La Belgique,1945-01-01,"Documentário, cotidiano e memória local",Arquivo audiovisual institucional
CINÉAM,cineam,France,Europe,FR-CINEAM,Institutional amateur film and audiovisual archive,https://www.cineam.asso.fr/,True,True,https://www.cineam.asso.fr/exploration-905-0-0-0.html,CINÉAM,https://diazcineam.oembed.diazinteregio.org/video/MAXANT/0207FN0047_WEB.mp4,Charles et Alice entre amis - Vacances à Trouville,Edouard MAXANT; Trouville-sur-Mer (14) Plage Mer Amusement Bateau,"Registro público do catálogo CINÉAM / DiazInteregio. | realização: Edouard MAXANT | formato: Film 9,5 mm | som: Muet | coloração: Noir & Blanc | duração: 00:05:43 | descritores: Trouville-sur-Mer (14) Plage Mer Amusement Bateau | embed: https://diazcineam.oembed.diazinteregio.org/embed/MAXANT/0207FN0047_WEB?feature=oembed | fonte de vídeo: video/mp4 | Résumé court : Les parents d’Edouard Maxant sont avec des amis au restaurant, sur un bateau et à la plage. Titre original de la boite : Mariage de Clément, vacances à Trouville.(images un peu rapides). Résumé détaillé : Les parents d’Edouard Maxant (Charles et Alice) sont avec des amis. Ils montent dans un véhicule, s’amusent au restaurant. Ils sont ensuite sur un lac, en train de ramer dans des barques. Un couple s’embrasse. Les amis sont sur un voilier sur la mer agitée puis profitent de la plage. Édouard Maxant, le déposant, est né en 1923 et décédé en 2023. Il a vécu à Alfortville (Val-de-Marne (94)) et à Dormelles (sud Seine-et-Marne (77), au cœur de la Vallée de l’Orvanne). Il était menuisier pour la STCRP (Société des transports en communs de la région parisienne), ancienne RATP. Il a commencé à filmer en 1949, prenant le relais de son père qui filmait lui-même (à partir de 1933)...",1940,Charles et Alice entre amis - Vacances à Trouville,1940-01-01,Filme amador e memória familiar,Arquivo audiovisual institucional
CINÉAM,cineam,France,Europe,FR-CINEAM,Institutional amateur film and audiovisual archive,https://www.cineam.asso.fr/,True,True,https://www.cineam.asso.fr/exploration-905-0-0-0.html,CINÉAM,https://diazcineam.oembed.diazinteregio.org/video/MAXANT/0207FN0050_WEB.mp4,Monique Jacqueline à Table - Baptême - Communion - Grandjean,Edouard MAXANT; Enfant Nourrisson Baptême Communion Procession Repas de famille,"Registro público do catálogo CINÉAM / DiazInteregio. | realização: Edouard MAXANT | formato: Film 9,5 mm | som: Muet | coloração: Noir & Blanc | duração: 00:09:15 | descritores: Enfant Nourrisson Baptême Communion Procession Repas de famille | embed: https://diazcineam.oembed.diazinteregio.org/embed/MAXANT/0207FN0050_WEB?feature=oembed | fonte de vídeo: video/mp4 | Résumé court : Plusieurs images de Monique (la fille d’Edouard Maxant) à travers les années (de nourrisson à la communion). Résumé détaillé : Edouard Maxant est avec sa femme Paulette et des amies dans la rue. Ils ont un nourrisson dans les bras (Monique leur fille ?). Sa mère Alice est présente. Il va voir sa femme étendre le linge. Un baptême est célébré à l’église. Les invités sortent dans la rue. Alice et Edouard dans les bois avec un bébé. La famille est à table avec une enfant. Procession de communiants dans la rue. Monique en gros plan (avec des lunettes). Édouard Maxant, le déposant, est né en 1923 et décédé en 2023. Il a vécu à Alfortville (Val-de-Marne (94)) et à Dormelles (sud Seine-et-Marne (77), au cœur de la Vallée de l’Orvanne). Il était menuisier pour la STCRP (Société des transports en communs de la région parisienne), ancienne RATP. Il a commencé à filmer en 1949, pren...",1940,Monique Jacqueline à Table - Baptême - Communion - Grandjean,1940-01-01,Filme amador e memória familiar,Arquivo audiovisual institucional
CINÉAM,cineam,France,Europe,FR-CINEAM,Institutional amateur film and audiovisual archive,https://www.cineam.asso.fr/,True,True,https://www.cineam.asso.fr/exploration-905-0-0-0.html,CINÉAM,https://diazcineam.oembed.diazinteregio.org/video/ALEPB/0272FS0018.mp4,Piscine - kermesse,Amicale Laique des Ecoles Publiques de Brétigny; Brétigny-sur-Orge (91),Registro público do catálogo CINÉAM / DiazInteregio. | realização: Amicale Laique des Ecoles Publiques de Brétigny | formato: Film 16 mm | som: Muet | coloração: Couleur | duração: 00:04:18 | descritores: Brétigny-sur-Orge (91) | embed: https://diazcineam.oembed.diazinteregio.org/embed/ALEPB/0272FS0018?feature=oembed | fonte de vídeo: video/mp4,,Piscine - kermesse,,"Documentário, cotidiano e memória local",Arquivo audiovisual institucional
