institution,slug,country,continent,repository_code,archive_type,cinemateca_portuguesa_detail_url,content_available_in_source,website_available,partner_site,platform,video_link,video_title,video_subject,video_description,video_published_at,video_title_display,video_date_display,video_theme,access_surface
Cinemateca Portuguesa - Museu do Cinema,cinemateca-portuguesa-museu-do-cinema,Portugal,Europe,PT-CINEMATECA,National film and moving image archive,https://www.cinemateca.pt/,True,True,https://www.cinemateca.pt/cinemateca-digital/video.aspx,Cinemateca Digital,https://www.cinemateca.pt/cinemateca-digital/Ficha.aspx?obraid=10391&type=Video,1º Maio - Festa Unitária dos Trabalhadores de Todo o Mundo,"Portugal, 1978","Ficha pública de vídeo na Cinemateca Digital; registro materializado a partir da listagem oficial. | Portugal, 1978 | duração: 00:15:45",1978,1º Maio - Festa Unitária dos Trabalhadores de Todo o Mundo,1978-01-01,"Vida pública, política e história",Cinemateca digital institucional
Cinemateca Portuguesa - Museu do Cinema,cinemateca-portuguesa-museu-do-cinema,Portugal,Europe,PT-CINEMATECA,National film and moving image archive,https://www.cinemateca.pt/,True,True,https://www.cinemateca.pt/cinemateca-digital/video.aspx,Cinemateca Digital,https://www.cinemateca.pt/cinemateca-digital/Ficha.aspx?obraid=5632&type=Video,1º Maio 76: Jornada de Unidade,"Portugal, 1976","Ficha pública de vídeo na Cinemateca Digital; registro materializado a partir da listagem oficial. | Portugal, 1976 | duração: 00:09:;41",1976,1º Maio 76: Jornada de Unidade,1976-01-01,Registro audiovisual em cinemateca digital,Cinemateca digital institucional
Cinemateca Portuguesa - Museu do Cinema,cinemateca-portuguesa-museu-do-cinema,Portugal,Europe,PT-CINEMATECA,National film and moving image archive,https://www.cinemateca.pt/,True,True,https://www.cinemateca.pt/cinemateca-digital/video.aspx,Cinemateca Digital,https://www.cinemateca.pt/cinemateca-digital/Ficha.aspx?obraid=4125&type=Video,24 Imagens Por Segundo,"Portugal, 1976","Ficha pública de vídeo na Cinemateca Digital; registro materializado a partir da listagem oficial. | Portugal, 1976 | duração: 00:11:34",1976,24 Imagens Por Segundo,1976-01-01,Registro audiovisual em cinemateca digital,Cinemateca digital institucional
Cinemateca Portuguesa - Museu do Cinema,cinemateca-portuguesa-museu-do-cinema,Portugal,Europe,PT-CINEMATECA,National film and moving image archive,https://www.cinemateca.pt/,True,True,https://www.cinemateca.pt/cinemateca-digital/video.aspx,Cinemateca Digital,https://www.cinemateca.pt/cinemateca-digital/Ficha.aspx?obraid=11655&type=Video,A Arte e a Justiça,"Portugal, 1967","Ficha pública de vídeo na Cinemateca Digital; registro materializado a partir da listagem oficial. | Portugal, 1967 | duração: 00:10:45",1967,A Arte e a Justiça,1967-01-01,"Vida pública, política e história",Cinemateca digital institucional
Cinemateca Portuguesa - Museu do Cinema,cinemateca-portuguesa-museu-do-cinema,Portugal,Europe,PT-CINEMATECA,National film and moving image archive,https://www.cinemateca.pt/,True,True,https://www.cinemateca.pt/cinemateca-digital/video.aspx,Cinemateca Digital,https://www.cinemateca.pt/cinemateca-digital/Ficha.aspx?obraid=2604&type=Video,1ºs Jogos Desportivos Luso-Brasileiros 1960,"Portugal, 1960","Ficha pública de vídeo na Cinemateca Digital; registro materializado a partir da listagem oficial. | Portugal, 1960 | duração: 00:26:40",1960,1ºs Jogos Desportivos Luso-Brasileiros 1960,1960-01-01,Esporte e cultura física,Cinemateca digital institucional
Cinemateca Portuguesa - Museu do Cinema,cinemateca-portuguesa-museu-do-cinema,Portugal,Europe,PT-CINEMATECA,National film and moving image archive,https://www.cinemateca.pt/,True,True,https://www.cinemateca.pt/cinemateca-digital/video.aspx,Cinemateca Digital,https://www.cinemateca.pt/cinemateca-digital/Ficha.aspx?obraid=1659&type=Video,30 Anos Com Salazar,"Portugal, 1957","Ficha pública de vídeo na Cinemateca Digital; registro materializado a partir da listagem oficial. | Portugal, 1957 | duração: 00;31:28",1957,30 Anos Com Salazar,1957-01-01,"Vida pública, política e história",Cinemateca digital institucional
Cinemateca Portuguesa - Museu do Cinema,cinemateca-portuguesa-museu-do-cinema,Portugal,Europe,PT-CINEMATECA,National film and moving image archive,https://www.cinemateca.pt/,True,True,https://www.cinemateca.pt/cinemateca-digital/video.aspx,Cinemateca Digital,https://www.cinemateca.pt/cinemateca-digital/Ficha.aspx?obraid=2561&type=Video,A Aldeia e as Quatro Estações,"Portugal, 1955","Ficha pública de vídeo na Cinemateca Digital; registro materializado a partir da listagem oficial. | Portugal, 1955 | duração: 00:17:27",1955,A Aldeia e as Quatro Estações,1955-01-01,"Território, cidade e patrimônio",Cinemateca digital institucional
Cinemateca Portuguesa - Museu do Cinema,cinemateca-portuguesa-museu-do-cinema,Portugal,Europe,PT-CINEMATECA,National film and moving image archive,https://www.cinemateca.pt/,True,True,https://www.cinemateca.pt/cinemateca-digital/video.aspx,Cinemateca Digital,https://www.cinemateca.pt/cinemateca-digital/Ficha.aspx?obraid=1648&type=Video,A Apoteótica Visita a Portugal do Presidente da República Brasileira,"Portugal, 1955","Ficha pública de vídeo na Cinemateca Digital; registro materializado a partir da listagem oficial. | Portugal, 1955 | duração: 00:21:45",1955,A Apoteótica Visita a Portugal do Presidente da República Brasileira,1955-01-01,"Vida pública, política e história",Cinemateca digital institucional
Cinemateca Portuguesa - Museu do Cinema,cinemateca-portuguesa-museu-do-cinema,Portugal,Europe,PT-CINEMATECA,National film and moving image archive,https://www.cinemateca.pt/,True,True,https://www.cinemateca.pt/cinemateca-digital/video.aspx,Cinemateca Digital,https://www.cinemateca.pt/cinemateca-digital/Ficha.aspx?obraid=1642&type=Video,A Celebração do 28 de Maio em 1952,"Portugal, 1952","Ficha pública de vídeo na Cinemateca Digital; registro materializado a partir da listagem oficial. | Portugal, 1952 | duração: 00:17:33",1952,A Celebração do 28 de Maio em 1952,1952-01-01,Registro audiovisual em cinemateca digital,Cinemateca digital institucional
Cinemateca Portuguesa - Museu do Cinema,cinemateca-portuguesa-museu-do-cinema,Portugal,Europe,PT-CINEMATECA,National film and moving image archive,https://www.cinemateca.pt/,True,True,https://www.cinemateca.pt/cinemateca-digital/video.aspx,Cinemateca Digital,https://www.cinemateca.pt/cinemateca-digital/Ficha.aspx?obraid=1916&type=Video,18 Anos no Governo da Nação,"Portugal, 1950","Ficha pública de vídeo na Cinemateca Digital; registro materializado a partir da listagem oficial. | Portugal, 1950 | duração: 00:39:22",1950,18 Anos no Governo da Nação,1950-01-01,Registro audiovisual em cinemateca digital,Cinemateca digital institucional
Cinemateca Portuguesa - Museu do Cinema,cinemateca-portuguesa-museu-do-cinema,Portugal,Europe,PT-CINEMATECA,National film and moving image archive,https://www.cinemateca.pt/,True,True,https://www.cinemateca.pt/cinemateca-digital/video.aspx,Cinemateca Digital,https://www.cinemateca.pt/cinemateca-digital/Ficha.aspx?obraid=16006&type=Video,A Caridade Não Tem Fronteiras,"Portugal, 1950(?)","Ficha pública de vídeo na Cinemateca Digital; registro materializado a partir da listagem oficial. | Portugal, 1950(?) | duração: 00:09:21",1950,A Caridade Não Tem Fronteiras,1950-01-01,Registro audiovisual em cinemateca digital,Cinemateca digital institucional
Cinemateca Portuguesa - Museu do Cinema,cinemateca-portuguesa-museu-do-cinema,Portugal,Europe,PT-CINEMATECA,National film and moving image archive,https://www.cinemateca.pt/,True,True,https://www.cinemateca.pt/cinemateca-digital/video.aspx,Cinemateca Digital,https://www.cinemateca.pt/cinemateca-digital/Ficha.aspx?obraid=1638&type=Video,A Campanha Eleitoral de 1949,"Portugal, 1949","Ficha pública de vídeo na Cinemateca Digital; registro materializado a partir da listagem oficial. | Portugal, 1949 | duração: 00:18:47",1949,A Campanha Eleitoral de 1949,1949-01-01,Registro audiovisual em cinemateca digital,Cinemateca digital institucional
Cinemateca Portuguesa - Museu do Cinema,cinemateca-portuguesa-museu-do-cinema,Portugal,Europe,PT-CINEMATECA,National film and moving image archive,https://www.cinemateca.pt/,True,True,https://www.cinemateca.pt/cinemateca-digital/video.aspx,Cinemateca Digital,https://www.cinemateca.pt/cinemateca-digital/Ficha.aspx?obraid=1635&type=Video,14 Anos de Política do Espírito - Apontamentos para uma Exposição,"Portugal, 1948","Ficha pública de vídeo na Cinemateca Digital; registro materializado a partir da listagem oficial. | Portugal, 1948 | duração: 00:27:38",1948,14 Anos de Política do Espírito - Apontamentos para uma Exposição,1948-01-01,Registro audiovisual em cinemateca digital,Cinemateca digital institucional
Cinemateca Portuguesa - Museu do Cinema,cinemateca-portuguesa-museu-do-cinema,Portugal,Europe,PT-CINEMATECA,National film and moving image archive,https://www.cinemateca.pt/,True,True,https://www.cinemateca.pt/cinemateca-digital/video.aspx,Cinemateca Digital,https://www.cinemateca.pt/cinemateca-digital/Ficha.aspx?obraid=4999&type=Video,A Arborização das Serras,"Portugal, 1948(?)","Ficha pública de vídeo na Cinemateca Digital; registro materializado a partir da listagem oficial. | Portugal, 1948(?) | duração: 00:20:21",1948,A Arborização das Serras,1948-01-01,Registro audiovisual em cinemateca digital,Cinemateca digital institucional
Cinemateca Portuguesa - Museu do Cinema,cinemateca-portuguesa-museu-do-cinema,Portugal,Europe,PT-CINEMATECA,National film and moving image archive,https://www.cinemateca.pt/,True,True,https://www.cinemateca.pt/cinemateca-digital/video.aspx,Cinemateca Digital,https://www.cinemateca.pt/cinemateca-digital/Ficha.aspx?obraid=2396&type=Video,A Aldeia dos Rapazes da Rua: A Obra do Padre Américo,"Portugal, 1947","Ficha pública de vídeo na Cinemateca Digital; registro materializado a partir da listagem oficial. | Portugal, 1947 | duração: 00:26:23",1947,A Aldeia dos Rapazes da Rua: A Obra do Padre Américo,1947-01-01,"Território, cidade e patrimônio",Cinemateca digital institucional
Cinemateca Portuguesa - Museu do Cinema,cinemateca-portuguesa-museu-do-cinema,Portugal,Europe,PT-CINEMATECA,National film and moving image archive,https://www.cinemateca.pt/,True,True,https://www.cinemateca.pt/cinemateca-digital/video.aspx,Cinemateca Digital,https://www.cinemateca.pt/cinemateca-digital/Ficha.aspx?obraid=2233&type=Video,A Aldeia Mais Portuguesa de Portugal,"Portugal, 1938","Ficha pública de vídeo na Cinemateca Digital; registro materializado a partir da listagem oficial. | Portugal, 1938 | duração: 00:33:23",1938,A Aldeia Mais Portuguesa de Portugal,1938-01-01,"Território, cidade e patrimônio",Cinemateca digital institucional
Cinemateca Portuguesa - Museu do Cinema,cinemateca-portuguesa-museu-do-cinema,Portugal,Europe,PT-CINEMATECA,National film and moving image archive,https://www.cinemateca.pt/,True,True,https://www.cinemateca.pt/cinemateca-digital/video.aspx,Cinemateca Digital,https://www.cinemateca.pt/cinemateca-digital/Ficha.aspx?obraid=7001042&type=Video,A Aldeia Mais Portuguesa de Portugal,"Portugal, 1938","Ficha pública de vídeo na Cinemateca Digital; registro materializado a partir da listagem oficial. | Portugal, 1938 | duração: 01:03:59",1938,A Aldeia Mais Portuguesa de Portugal,1938-01-01,"Território, cidade e patrimônio",Cinemateca digital institucional
Cinemateca Portuguesa - Museu do Cinema,cinemateca-portuguesa-museu-do-cinema,Portugal,Europe,PT-CINEMATECA,National film and moving image archive,https://www.cinemateca.pt/,True,True,https://www.cinemateca.pt/cinemateca-digital/video.aspx,Cinemateca Digital,https://www.cinemateca.pt/cinemateca-digital/Ficha.aspx?obraid=2095&type=Video,A 1ª Festa Vindimária em Lisboa - Outubro de 1936,"Portugal, 1936","Ficha pública de vídeo na Cinemateca Digital; registro materializado a partir da listagem oficial. | Portugal, 1936 | duração: 00:06:27",1936,A 1ª Festa Vindimária em Lisboa - Outubro de 1936,1936-01-01,"Território, cidade e patrimônio",Cinemateca digital institucional
Cinemateca Portuguesa - Museu do Cinema,cinemateca-portuguesa-museu-do-cinema,Portugal,Europe,PT-CINEMATECA,National film and moving image archive,https://www.cinemateca.pt/,True,True,https://www.cinemateca.pt/cinemateca-digital/video.aspx,Cinemateca Digital,https://www.cinemateca.pt/cinemateca-digital/Ficha.aspx?obraid=2400&type=Video,A Benção aos Pescadores de Bacalhau (3 de Maio de 1936),"Portugal, 1936","Ficha pública de vídeo na Cinemateca Digital; registro materializado a partir da listagem oficial. | Portugal, 1936 | duração: 00:09:17",1936,A Benção aos Pescadores de Bacalhau (3 de Maio de 1936),1936-01-01,Registro audiovisual em cinemateca digital,Cinemateca digital institucional
Cinemateca Portuguesa - Museu do Cinema,cinemateca-portuguesa-museu-do-cinema,Portugal,Europe,PT-CINEMATECA,National film and moving image archive,https://www.cinemateca.pt/,True,True,https://www.cinemateca.pt/cinemateca-digital/video.aspx,Cinemateca Digital,https://www.cinemateca.pt/cinemateca-digital/Ficha.aspx?obraid=3018&type=Video,A Borboleta da Seda - Bombix Mori,"Portugal, 1936","Ficha pública de vídeo na Cinemateca Digital; registro materializado a partir da listagem oficial. | Portugal, 1936 | duração: 00:05:14",1936,A Borboleta da Seda - Bombix Mori,1936-01-01,Registro audiovisual em cinemateca digital,Cinemateca digital institucional
Cinemateca Portuguesa - Museu do Cinema,cinemateca-portuguesa-museu-do-cinema,Portugal,Europe,PT-CINEMATECA,National film and moving image archive,https://www.cinemateca.pt/,True,True,https://www.cinemateca.pt/cinemateca-digital/video.aspx,Cinemateca Digital,https://www.cinemateca.pt/cinemateca-digital/Ficha.aspx?obraid=2354&type=Video,A Abertura Solene da Assembleia Nacional,"Portugal, 1935","Ficha pública de vídeo na Cinemateca Digital; registro materializado a partir da listagem oficial. | Portugal, 1935 | duração: 00:08:27",1935,A Abertura Solene da Assembleia Nacional,1935-01-01,Registro audiovisual em cinemateca digital,Cinemateca digital institucional
Cinemateca Portuguesa - Museu do Cinema,cinemateca-portuguesa-museu-do-cinema,Portugal,Europe,PT-CINEMATECA,National film and moving image archive,https://www.cinemateca.pt/,True,True,https://www.cinemateca.pt/cinemateca-digital/video.aspx,Cinemateca Digital,https://www.cinemateca.pt/cinemateca-digital/Ficha.aspx?obraid=2217&type=Video,1ª Exposição Colonial Portuguesa - Porto 1934,"Portugal, 1934","Ficha pública de vídeo na Cinemateca Digital; registro materializado a partir da listagem oficial. | Portugal, 1934 | duração: 00:07:16",1934,1ª Exposição Colonial Portuguesa - Porto 1934,1934-01-01,"Território, cidade e patrimônio",Cinemateca digital institucional
Cinemateca Portuguesa - Museu do Cinema,cinemateca-portuguesa-museu-do-cinema,Portugal,Europe,PT-CINEMATECA,National film and moving image archive,https://www.cinemateca.pt/,True,True,https://www.cinemateca.pt/cinemateca-digital/video.aspx,Cinemateca Digital,https://www.cinemateca.pt/cinemateca-digital/Ficha.aspx?obraid=34429&type=Video,1ª Exposição Colonial Portugueza no Porto,"Portugal, 1934","Ficha pública de vídeo na Cinemateca Digital; registro materializado a partir da listagem oficial. | Portugal, 1934 | duração: 00:05:48",1934,1ª Exposição Colonial Portugueza no Porto,1934-01-01,"Território, cidade e patrimônio",Cinemateca digital institucional
Cinemateca Portuguesa - Museu do Cinema,cinemateca-portuguesa-museu-do-cinema,Portugal,Europe,PT-CINEMATECA,National film and moving image archive,https://www.cinemateca.pt/,True,True,https://www.cinemateca.pt/cinemateca-digital/video.aspx,Cinemateca Digital,https://www.cinemateca.pt/cinemateca-digital/Ficha.aspx?obraid=2430&type=Video,1º de Dezembro de 1934,"Portugal, 1934","Ficha pública de vídeo na Cinemateca Digital; registro materializado a partir da listagem oficial. | Portugal, 1934 | duração: 00:04:18",1934,1º de Dezembro de 1934,1934-01-01,Registro audiovisual em cinemateca digital,Cinemateca digital institucional
Cinemateca Portuguesa - Museu do Cinema,cinemateca-portuguesa-museu-do-cinema,Portugal,Europe,PT-CINEMATECA,National film and moving image archive,https://www.cinemateca.pt/,True,True,https://www.cinemateca.pt/cinemateca-digital/video.aspx,Cinemateca Digital,https://www.cinemateca.pt/cinemateca-digital/Ficha.aspx?obraid=5069&type=Video,1ª Companhia de Infantaria Indígena de Angola em Lisbôa,"Portugal, 1933","Ficha pública de vídeo na Cinemateca Digital; registro materializado a partir da listagem oficial. | Portugal, 1933 | duração: 00:12:37",1933,1ª Companhia de Infantaria Indígena de Angola em Lisbôa,1933-01-01,"Vida pública, política e história",Cinemateca digital institucional
Cinemateca Portuguesa - Museu do Cinema,cinemateca-portuguesa-museu-do-cinema,Portugal,Europe,PT-CINEMATECA,National film and moving image archive,https://www.cinemateca.pt/,True,True,https://www.cinemateca.pt/cinemateca-digital/video.aspx,Cinemateca Digital,https://www.cinemateca.pt/cinemateca-digital/Ficha.aspx?obraid=1294&type=Video,A água que se bebe...,"Portugal, 1929-1932","Ficha pública de vídeo na Cinemateca Digital; registro materializado a partir da listagem oficial. | Portugal, 1929-1932 | duração: 01:02:07",1929,A água que se bebe...,1929-01-01,Registro audiovisual em cinemateca digital,Cinemateca digital institucional
Cinemateca Portuguesa - Museu do Cinema,cinemateca-portuguesa-museu-do-cinema,Portugal,Europe,PT-CINEMATECA,National film and moving image archive,https://www.cinemateca.pt/,True,True,https://www.cinemateca.pt/cinemateca-digital/video.aspx,Cinemateca Digital,https://www.cinemateca.pt/cinemateca-digital/Ficha.aspx?obraid=4910&type=Video,1º Certame da Aviação na Amadora,"Portugal, 1928","Ficha pública de vídeo na Cinemateca Digital; registro materializado a partir da listagem oficial. | Portugal, 1928 | duração: 00:06:30",1928,1º Certame da Aviação na Amadora,1928-01-01,Registro audiovisual em cinemateca digital,Cinemateca digital institucional
Cinemateca Portuguesa - Museu do Cinema,cinemateca-portuguesa-museu-do-cinema,Portugal,Europe,PT-CINEMATECA,National film and moving image archive,https://www.cinemateca.pt/,True,True,https://www.cinemateca.pt/cinemateca-digital/video.aspx,Cinemateca Digital,https://www.cinemateca.pt/cinemateca-digital/Ficha.aspx?obraid=5041&type=Video,13 de Maio (Fátima),"Portugal, 1927 (?)","Ficha pública de vídeo na Cinemateca Digital; registro materializado a partir da listagem oficial. | Portugal, 1927 (?) | duração: 00:10:44",1927,13 de Maio (Fátima),1927-01-01,Registro audiovisual em cinemateca digital,Cinemateca digital institucional
Cinemateca Portuguesa - Museu do Cinema,cinemateca-portuguesa-museu-do-cinema,Portugal,Europe,PT-CINEMATECA,National film and moving image archive,https://www.cinemateca.pt/,True,True,https://www.cinemateca.pt/cinemateca-digital/video.aspx,Cinemateca Digital,https://www.cinemateca.pt/cinemateca-digital/Ficha.aspx?obraid=25517&type=Video,30º Aniversário da Fundação da Manutenção Militar,"Portugal, 1927","Ficha pública de vídeo na Cinemateca Digital; registro materializado a partir da listagem oficial. | Portugal, 1927 | duração: 00:14:04",1927,30º Aniversário da Fundação da Manutenção Militar,1927-01-01,"Vida pública, política e história",Cinemateca digital institucional
Cinemateca Portuguesa - Museu do Cinema,cinemateca-portuguesa-museu-do-cinema,Portugal,Europe,PT-CINEMATECA,National film and moving image archive,https://www.cinemateca.pt/,True,True,https://www.cinemateca.pt/cinemateca-digital/video.aspx,Cinemateca Digital,https://www.cinemateca.pt/cinemateca-digital/Ficha.aspx?obraid=2649&type=Video,1ª Semana de Aviação,"Portugal, 1912","Ficha pública de vídeo na Cinemateca Digital; registro materializado a partir da listagem oficial. | Portugal, 1912 | duração: 00:03:37",1912,1ª Semana de Aviação,1912-01-01,Registro audiovisual em cinemateca digital,Cinemateca digital institucional
Cinemateca Portuguesa - Museu do Cinema,cinemateca-portuguesa-museu-do-cinema,Portugal,Europe,PT-CINEMATECA,National film and moving image archive,https://www.cinemateca.pt/,True,True,https://www.cinemateca.pt/cinemateca-digital/video.aspx,Vimeo,http://player.vimeo.com/video/191024054?title=0&byline=0&portrait=0,Imagem,"Portugal, 1967; Documentário Duração: 00:13:58, 24 fps Formato: 16mm, Cor, com som AR: 1:1,37 Detentor de Direitos: Por favor contacte a Cinemateca Portuguesa-Museu do Cinema para obter informações sobre os detentores de direitos. | Please contact the Cinemateca Portuguesa-Museu do Cinema for information about the rights holders. ID CP-MC: 7002383; 16mm, Cor, com som AR: 1:1,37 Detentor de Direitos: Por favor contacte a Cinemateca Portuguesa-Museu do Cinema para obter informações sobre os detentores de direitos. | Please contact the Cinemateca Portuguesa-Museu do Cinema for information about the rights holders. ID CP-MC: 7002383","Ficha pública da Cinemateca Digital. | ID CP-MC: 7002383 | gênero: Documentário Duração: 00:13:58, 24 fps Formato: 16mm, Cor, com som AR: 1:1,37 Detentor de Direitos: Por favor contacte a Cinemateca Portuguesa-Museu do Cinema para obter informações sobre os detentores de direitos. | Please contact the Cinemateca Portuguesa-Museu do Cinema for information about the rights holders. ID CP-MC: 7002383 | duração: 00:13:58, 24 fps Formato: 16mm, Cor, com som AR: 1:1,37 Detentor de Direitos: Por favor contacte a Cinemateca Portuguesa-Museu do Cinema para obter informações sobre os detentores de direitos. | Please contact the Cinemateca Portuguesa-Museu do Cinema for information about the rights holders. ID CP-MC: 7002383 | formato: 16mm, Cor, com som AR: 1:1,37 Detentor de Direitos: Por favor contacte a Cinemateca Portuguesa-Museu do Cinema para obter informações sobre os detentores de direitos. | Please contact the Cinemateca Portuguesa-Museu do Cinema for information about the rights holders. ID CP-MC: 7002383 | créditos: 10 de Junho - Dia de Portugal | Por favor contacte a Cinemateca Portuguesa-Museu do Cinema para obter informações sobre os detentores de direitos. | Please contact the Cinemateca Portuguesa-Museu do Cinema for information about the rights holders. ID CP-MC: 7002383 | iframe Vimeo público detectado",1967,Imagem,1967-01-01,Documentário e registro histórico,Plataforma externa de vídeo
Cinemateca Portuguesa - Museu do Cinema,cinemateca-portuguesa-museu-do-cinema,Portugal,Europe,PT-CINEMATECA,National film and moving image archive,https://www.cinemateca.pt/,True,True,https://www.cinemateca.pt/cinemateca-digital/video.aspx,Vimeo,http://player.vimeo.com/video/299416978?title=0&byline=0&portrait=0,Imagem,"Portugal, 1963; Documentário Duração: 00:03:04, 24 fps Formato: 35mm, PB, com som AR: 1:1,37 Detentor de Direitos: Por favor contacte a Cinemateca Portuguesa-Museu do Cinema para obter informações sobre os detentores de direitos. | Please contact the Cinemateca Portuguesa-Museu do Cinema for information about the rights holders. ID CP-MC: 7002262; 35mm, PB, com som AR: 1:1,37 Detentor de Direitos: Por favor contacte a Cinemateca Portuguesa-Museu do Cinema para obter informações sobre os detentores de direitos. | Please contact the Cinemateca Portuguesa-Museu do Cinema for information about the rights holders. ID CP-MC: 7002262","Ficha pública da Cinemateca Digital. | ID CP-MC: 7002262 | gênero: Documentário Duração: 00:03:04, 24 fps Formato: 35mm, PB, com som AR: 1:1,37 Detentor de Direitos: Por favor contacte a Cinemateca Portuguesa-Museu do Cinema para obter informações sobre os detentores de direitos. | Please contact the Cinemateca Portuguesa-Museu do Cinema for information about the rights holders. ID CP-MC: 7002262 | duração: 00:03:04, 24 fps Formato: 35mm, PB, com som AR: 1:1,37 Detentor de Direitos: Por favor contacte a Cinemateca Portuguesa-Museu do Cinema para obter informações sobre os detentores de direitos. | Please contact the Cinemateca Portuguesa-Museu do Cinema for information about the rights holders. ID CP-MC: 7002262 | formato: 35mm, PB, com som AR: 1:1,37 Detentor de Direitos: Por favor contacte a Cinemateca Portuguesa-Museu do Cinema para obter informações sobre os detentores de direitos. | Please contact the Cinemateca Portuguesa-Museu do Cinema for information about the rights holders. ID CP-MC: 7002262 | Por favor contacte a Cinemateca Portuguesa-Museu do Cinema para obter informações sobre os detentores de direitos. | Please contact the Cinemateca Portuguesa-Museu do Cinema for information about the rights holders. ID CP-MC: 7002262 | iframe Vimeo público detectado",1963,Imagem,1963-01-01,Documentário e registro histórico,Plataforma externa de vídeo
Cinemateca Portuguesa - Museu do Cinema,cinemateca-portuguesa-museu-do-cinema,Portugal,Europe,PT-CINEMATECA,National film and moving image archive,https://www.cinemateca.pt/,True,True,https://www.cinemateca.pt/cinemateca-digital/video.aspx,Vimeo,http://player.vimeo.com/video/788576993?title=0&byline=0&portrait=0,Imagem,"Portugal, 1963; Documentário Duração: 00:10:51, 24 fps Formato: 35 mm, PB, com som AR: 1:1,37 Detentor de Direitos: Por favor contacte a Cinemateca Portuguesa-Museu do Cinema para obter informações sobre os titulares de direitos. | Please contact the Cinemateca Portuguesa-Museu do Cinema for information about the rights holders. ID CP-MC: 7002209; 35 mm, PB, com som AR: 1:1,37 Detentor de Direitos: Por favor contacte a Cinemateca Portuguesa-Museu do Cinema para obter informações sobre os titulares de direitos. | Please contact the Cinemateca Portuguesa-Museu do Cinema for information about the rights holders. ID CP-MC: 7002209","Ficha pública da Cinemateca Digital. | ID CP-MC: 7002209 | gênero: Documentário Duração: 00:10:51, 24 fps Formato: 35 mm, PB, com som AR: 1:1,37 Detentor de Direitos: Por favor contacte a Cinemateca Portuguesa-Museu do Cinema para obter informações sobre os titulares de direitos. | Please contact the Cinemateca Portuguesa-Museu do Cinema for information about the rights holders. ID CP-MC: 7002209 | duração: 00:10:51, 24 fps Formato: 35 mm, PB, com som AR: 1:1,37 Detentor de Direitos: Por favor contacte a Cinemateca Portuguesa-Museu do Cinema para obter informações sobre os titulares de direitos. | Please contact the Cinemateca Portuguesa-Museu do Cinema for information about the rights holders. ID CP-MC: 7002209 | formato: 35 mm, PB, com som AR: 1:1,37 Detentor de Direitos: Por favor contacte a Cinemateca Portuguesa-Museu do Cinema para obter informações sobre os titulares de direitos. | Please contact the Cinemateca Portuguesa-Museu do Cinema for information about the rights holders. ID CP-MC: 7002209 | Por favor contacte a Cinemateca Portuguesa-Museu do Cinema para obter informações sobre os titulares de direitos. | Please contact the Cinemateca Portuguesa-Museu do Cinema for information about the rights holders. ID CP-MC: 7002209 | iframe Vimeo público detectado",1963,Imagem,1963-01-01,Documentário e registro histórico,Plataforma externa de vídeo
Cinemateca Portuguesa - Museu do Cinema,cinemateca-portuguesa-museu-do-cinema,Portugal,Europe,PT-CINEMATECA,National film and moving image archive,https://www.cinemateca.pt/,True,True,https://www.cinemateca.pt/cinemateca-digital/video.aspx,Vimeo,http://player.vimeo.com/video/143854116?title=0&byline=0&portrait=0,Imagem,"Portugal, 1947(?); Documentário Duração: 00:29:08, 24 fps Formato: 35mm, PB, sem som AR: 1:1,37 Descrição: Imagens não montadas. A Grande Noite do Comércio Diário de Notícias em colaboração com a União dos Grémios de Modistas de Lisboa. Detentor de Direitos: Por favor contacte a Cinemateca Portuguesa-Museu do Cinema para obter informações sobre os detentores de direitos. | Please contact the Cinemateca Portuguesa-Museu do Cinema for information about the rights holders. ID CP-MC: 7002031; 35mm, PB, sem som AR: 1:1,37 Descrição: Imagens não montadas. A Grande Noite do Comércio Diário de Notícias em colaboração com a União dos Grémios de Modistas de Lisboa. Detentor de Direitos: Por favor contacte a Cinemateca Portuguesa-Museu do Cinema para obter informações sobre os detentores de direitos. | Please contact the Cinemateca Portuguesa-Museu do Cinema for information about the rights holders. ID CP-MC: 7002031","Ficha pública da Cinemateca Digital. | ID CP-MC: 7002031 | gênero: Documentário Duração: 00:29:08, 24 fps Formato: 35mm, PB, sem som AR: 1:1,37 Descrição: Imagens não montadas. A Grande Noite do Comércio Diário de Notícias em colaboração com a União dos Grémios de Modistas de Lisboa. Detentor de Direitos: Por favor contacte a Cinemateca Portuguesa-Museu do Cinema para obter informações sobre os detentores de direitos. | Please contact the Cinemateca Portuguesa-Museu do Cinema for information about the rights holders. ID CP-MC: 7002031 | duração: 00:29:08, 24 fps Formato: 35mm, PB, sem som AR: 1:1,37 Descrição: Imagens não montadas. A Grande Noite do Comércio Diário de Notícias em colaboração com a União dos Grémios de Modistas de Lisboa. Detentor de Direitos: Por favor contacte a Cinemateca Portuguesa-Museu do Cinema para obter informações sobre os detentores de direitos. | Please contact the Cinemateca Portuguesa-Museu do Cinema for information about the rights holders. ID CP-MC: 7002031 | formato: 35mm, PB, sem som AR: 1:1,37 Descrição: Imagens não montadas. A Grande Noite do Comércio Diário de Notícias em colaboração com a União dos Grémios de Modistas de Lisboa. Detentor de Direitos: Por favor contacte a Cinemateca Portuguesa-Museu do Cinema para obter informações sobre os detentores de direitos. | Please contact the Cinemateca Portuguesa-Museu do Cinema for information about the rights holders. ID CP-MC: 7002031 | Imagens não montadas. A Grande Noite do Comércio Diário de Notícias em colaboração com a União dos Grémios de Modistas de Lisboa. Detentor de Direitos: Por...",1947,Imagem,1947-01-01,"Território, cidade e patrimônio",Plataforma externa de vídeo
Cinemateca Portuguesa - Museu do Cinema,cinemateca-portuguesa-museu-do-cinema,Portugal,Europe,PT-CINEMATECA,National film and moving image archive,https://www.cinemateca.pt/,True,True,https://www.cinemateca.pt/cinemateca-digital/video.aspx,Vimeo,http://player.vimeo.com/video/141554847?title=0&byline=0&portrait=0,Imagem,"Portugal, 1947; Documentário Duração: 00:08:00, 24 fps Formato: 35mm, PB, sem som AR: 1:1,37 Detentor de Direitos: Por favor contacte a Cinemateca Portuguesa-Museu do Cinema para obter informações sobre os detentores de direitos. | Please contact the Cinemateca Portuguesa-Museu do Cinema for information about the rights holders. ID CP-MC: 7001984; 35mm, PB, sem som AR: 1:1,37 Detentor de Direitos: Por favor contacte a Cinemateca Portuguesa-Museu do Cinema para obter informações sobre os detentores de direitos. | Please contact the Cinemateca Portuguesa-Museu do Cinema for information about the rights holders. ID CP-MC: 7001984","Ficha pública da Cinemateca Digital. | ID CP-MC: 7001984 | gênero: Documentário Duração: 00:08:00, 24 fps Formato: 35mm, PB, sem som AR: 1:1,37 Detentor de Direitos: Por favor contacte a Cinemateca Portuguesa-Museu do Cinema para obter informações sobre os detentores de direitos. | Please contact the Cinemateca Portuguesa-Museu do Cinema for information about the rights holders. ID CP-MC: 7001984 | duração: 00:08:00, 24 fps Formato: 35mm, PB, sem som AR: 1:1,37 Detentor de Direitos: Por favor contacte a Cinemateca Portuguesa-Museu do Cinema para obter informações sobre os detentores de direitos. | Please contact the Cinemateca Portuguesa-Museu do Cinema for information about the rights holders. ID CP-MC: 7001984 | formato: 35mm, PB, sem som AR: 1:1,37 Detentor de Direitos: Por favor contacte a Cinemateca Portuguesa-Museu do Cinema para obter informações sobre os detentores de direitos. | Please contact the Cinemateca Portuguesa-Museu do Cinema for information about the rights holders. ID CP-MC: 7001984 | Por favor contacte a Cinemateca Portuguesa-Museu do Cinema para obter informações sobre os detentores de direitos. | Please contact the Cinemateca Portuguesa-Museu do Cinema for information about the rights holders. ID CP-MC: 7001984 | iframe Vimeo público detectado",1947,Imagem,1947-01-01,Documentário e registro histórico,Plataforma externa de vídeo
Cinemateca Portuguesa - Museu do Cinema,cinemateca-portuguesa-museu-do-cinema,Portugal,Europe,PT-CINEMATECA,National film and moving image archive,https://www.cinemateca.pt/,True,True,https://www.cinemateca.pt/cinemateca-digital/video.aspx,Vimeo,http://player.vimeo.com/video/209575382?title=0&byline=0&portrait=0,Imagem,"Portugal, 1947; Documentário Duração: 00:22:40, 24 fps Formato: 35mm, PB, sem som AR: 1:1,37 Descrição: Restos. Imagens não montadas. Campeonato Mundial de Esgrima, realizado no Pavilhão dos Desportos, em Lisboa. Detentor de Direitos: Por favor contacte a Cinemateca Portuguesa-Museu do Cinema para obter informações sobre os detentores de direitos. | Please contact the Cinemateca Portuguesa-Museu do Cinema for information about the rights holders. ID CP-MC: 7002529; 35mm, PB, sem som AR: 1:1,37 Descrição: Restos. Imagens não montadas. Campeonato Mundial de Esgrima, realizado no Pavilhão dos Desportos, em Lisboa. Detentor de Direitos: Por favor contacte a Cinemateca Portuguesa-Museu do Cinema para obter informações sobre os detentores de direitos. | Please contact the Cinemateca Portuguesa-Museu do Cinema for information about the rights holders. ID CP-MC: 7002529","Ficha pública da Cinemateca Digital. | ID CP-MC: 7002529 | gênero: Documentário Duração: 00:22:40, 24 fps Formato: 35mm, PB, sem som AR: 1:1,37 Descrição: Restos. Imagens não montadas. Campeonato Mundial de Esgrima, realizado no Pavilhão dos Desportos, em Lisboa. Detentor de Direitos: Por favor contacte a Cinemateca Portuguesa-Museu do Cinema para obter informações sobre os detentores de direitos. | Please contact the Cinemateca Portuguesa-Museu do Cinema for information about the rights holders. ID CP-MC: 7002529 | duração: 00:22:40, 24 fps Formato: 35mm, PB, sem som AR: 1:1,37 Descrição: Restos. Imagens não montadas. Campeonato Mundial de Esgrima, realizado no Pavilhão dos Desportos, em Lisboa. Detentor de Direitos: Por favor contacte a Cinemateca Portuguesa-Museu do Cinema para obter informações sobre os detentores de direitos. | Please contact the Cinemateca Portuguesa-Museu do Cinema for information about the rights holders. ID CP-MC: 7002529 | formato: 35mm, PB, sem som AR: 1:1,37 Descrição: Restos. Imagens não montadas. Campeonato Mundial de Esgrima, realizado no Pavilhão dos Desportos, em Lisboa. Detentor de Direitos: Por favor contacte a Cinemateca Portuguesa-Museu do Cinema para obter informações sobre os detentores de direitos. | Please contact the Cinemateca Portuguesa-Museu do Cinema for information about the rights holders. ID CP-MC: 7002529 | Restos. Imagens não montadas. Campeonato Mundial de Esgrima, realizado no Pavilhão dos Desportos, em Lisboa. Detentor de Direitos: Por favor contacte a Cinemateca Portuguesa-Museu do Cinema para obter informações sobre...",1947,Imagem,1947-01-01,"Território, cidade e patrimônio",Plataforma externa de vídeo
Cinemateca Portuguesa - Museu do Cinema,cinemateca-portuguesa-museu-do-cinema,Portugal,Europe,PT-CINEMATECA,National film and moving image archive,https://www.cinemateca.pt/,True,True,https://www.cinemateca.pt/cinemateca-digital/video.aspx,Vimeo,http://player.vimeo.com/video/134108741?title=0&byline=0&portrait=0,Imagem,"Portugal, 1946(?); Documentário Duração: 00:29:57, 24 fps Formato: 35mm, PB, sem som AR: 1:1,37 Descrição: Imagens não montadas. Detentor de Direitos: Por favor contacte a Cinemateca Portuguesa-Museu do Cinema para obter informações sobre os detentores de direitos. | Please contact the Cinemateca Portuguesa-Museu do Cinema for information about the rights holders. ID CP-MC: 7001383; 35mm, PB, sem som AR: 1:1,37 Descrição: Imagens não montadas. Detentor de Direitos: Por favor contacte a Cinemateca Portuguesa-Museu do Cinema para obter informações sobre os detentores de direitos. | Please contact the Cinemateca Portuguesa-Museu do Cinema for information about the rights holders. ID CP-MC: 7001383","Ficha pública da Cinemateca Digital. | ID CP-MC: 7001383 | gênero: Documentário Duração: 00:29:57, 24 fps Formato: 35mm, PB, sem som AR: 1:1,37 Descrição: Imagens não montadas. Detentor de Direitos: Por favor contacte a Cinemateca Portuguesa-Museu do Cinema para obter informações sobre os detentores de direitos. | Please contact the Cinemateca Portuguesa-Museu do Cinema for information about the rights holders. ID CP-MC: 7001383 | duração: 00:29:57, 24 fps Formato: 35mm, PB, sem som AR: 1:1,37 Descrição: Imagens não montadas. Detentor de Direitos: Por favor contacte a Cinemateca Portuguesa-Museu do Cinema para obter informações sobre os detentores de direitos. | Please contact the Cinemateca Portuguesa-Museu do Cinema for information about the rights holders. ID CP-MC: 7001383 | formato: 35mm, PB, sem som AR: 1:1,37 Descrição: Imagens não montadas. Detentor de Direitos: Por favor contacte a Cinemateca Portuguesa-Museu do Cinema para obter informações sobre os detentores de direitos. | Please contact the Cinemateca Portuguesa-Museu do Cinema for information about the rights holders. ID CP-MC: 7001383 | Imagens não montadas. Detentor de Direitos: Por favor contacte a Cinemateca Portuguesa-Museu do Cinema para obter informações sobre os detentores de direitos. | Please contact the Cinemateca Portuguesa-Museu do Cinema for information about the rights holders. ID CP-MC: 7001383 | Por favor contacte a Cinemateca Portuguesa-Museu do Cinema para obter informações sobre os detentores de direitos. | Please contact the Cinemateca Portuguesa-Museu do Cinema for information about the...",1946,Imagem,1946-01-01,Documentário e registro histórico,Plataforma externa de vídeo
Cinemateca Portuguesa - Museu do Cinema,cinemateca-portuguesa-museu-do-cinema,Portugal,Europe,PT-CINEMATECA,National film and moving image archive,https://www.cinemateca.pt/,True,True,https://www.cinemateca.pt/cinemateca-digital/video.aspx,Vimeo,http://player.vimeo.com/video/188285653?title=0&byline=0&portrait=0,Imagem,"Portugal, 1946; Documentário Duração: 00:11:08, 24 fps Formato: 35mm, PB, sem som AR: 1:1,37 Descrição: Imagens não montadas. Detentor de Direitos: Por favor contacte a Cinemateca Portuguesa-Museu do Cinema para obter informações sobre os detentores de direitos. | Please contact the Cinemateca Portuguesa-Museu do Cinema for information about the rights holders. ID CP-MC: 7001382; 35mm, PB, sem som AR: 1:1,37 Descrição: Imagens não montadas. Detentor de Direitos: Por favor contacte a Cinemateca Portuguesa-Museu do Cinema para obter informações sobre os detentores de direitos. | Please contact the Cinemateca Portuguesa-Museu do Cinema for information about the rights holders. ID CP-MC: 7001382","Ficha pública da Cinemateca Digital. | ID CP-MC: 7001382 | gênero: Documentário Duração: 00:11:08, 24 fps Formato: 35mm, PB, sem som AR: 1:1,37 Descrição: Imagens não montadas. Detentor de Direitos: Por favor contacte a Cinemateca Portuguesa-Museu do Cinema para obter informações sobre os detentores de direitos. | Please contact the Cinemateca Portuguesa-Museu do Cinema for information about the rights holders. ID CP-MC: 7001382 | duração: 00:11:08, 24 fps Formato: 35mm, PB, sem som AR: 1:1,37 Descrição: Imagens não montadas. Detentor de Direitos: Por favor contacte a Cinemateca Portuguesa-Museu do Cinema para obter informações sobre os detentores de direitos. | Please contact the Cinemateca Portuguesa-Museu do Cinema for information about the rights holders. ID CP-MC: 7001382 | formato: 35mm, PB, sem som AR: 1:1,37 Descrição: Imagens não montadas. Detentor de Direitos: Por favor contacte a Cinemateca Portuguesa-Museu do Cinema para obter informações sobre os detentores de direitos. | Please contact the Cinemateca Portuguesa-Museu do Cinema for information about the rights holders. ID CP-MC: 7001382 | Imagens não montadas. Detentor de Direitos: Por favor contacte a Cinemateca Portuguesa-Museu do Cinema para obter informações sobre os detentores de direitos. | Please contact the Cinemateca Portuguesa-Museu do Cinema for information about the rights holders. ID CP-MC: 7001382 | Por favor contacte a Cinemateca Portuguesa-Museu do Cinema para obter informações sobre os detentores de direitos. | Please contact the Cinemateca Portuguesa-Museu do Cinema for information about the...",1946,Imagem,1946-01-01,Documentário e registro histórico,Plataforma externa de vídeo
Cinemateca Portuguesa - Museu do Cinema,cinemateca-portuguesa-museu-do-cinema,Portugal,Europe,PT-CINEMATECA,National film and moving image archive,https://www.cinemateca.pt/,True,True,https://www.cinemateca.pt/cinemateca-digital/video.aspx,Vimeo,http://player.vimeo.com/video/302801040?title=0&byline=0&portrait=0,Imagem,"Portugal, 1946; Documentário Duração: 00:03:42, 24 fps Formato: 35mm, PB, com som AR: 1:1,37 Descrição: No que respeita o paradeiro de materiais conhecidos, subsiste apenas a banda de imagem. Detentor de Direitos: Por favor contacte a Cinemateca Portuguesa-Museu do Cinema para obter informações sobre os detentores de direitos. | Please contact the Cinemateca Portuguesa-Museu do Cinema for information about the rights holders. ID CP-MC: 7003314; 35mm, PB, com som AR: 1:1,37 Descrição: No que respeita o paradeiro de materiais conhecidos, subsiste apenas a banda de imagem. Detentor de Direitos: Por favor contacte a Cinemateca Portuguesa-Museu do Cinema para obter informações sobre os detentores de direitos. | Please contact the Cinemateca Portuguesa-Museu do Cinema for information about the rights holders. ID CP-MC: 7003314","Ficha pública da Cinemateca Digital. | ID CP-MC: 7003314 | gênero: Documentário Duração: 00:03:42, 24 fps Formato: 35mm, PB, com som AR: 1:1,37 Descrição: No que respeita o paradeiro de materiais conhecidos, subsiste apenas a banda de imagem. Detentor de Direitos: Por favor contacte a Cinemateca Portuguesa-Museu do Cinema para obter informações sobre os detentores de direitos. | Please contact the Cinemateca Portuguesa-Museu do Cinema for information about the rights holders. ID CP-MC: 7003314 | duração: 00:03:42, 24 fps Formato: 35mm, PB, com som AR: 1:1,37 Descrição: No que respeita o paradeiro de materiais conhecidos, subsiste apenas a banda de imagem. Detentor de Direitos: Por favor contacte a Cinemateca Portuguesa-Museu do Cinema para obter informações sobre os detentores de direitos. | Please contact the Cinemateca Portuguesa-Museu do Cinema for information about the rights holders. ID CP-MC: 7003314 | formato: 35mm, PB, com som AR: 1:1,37 Descrição: No que respeita o paradeiro de materiais conhecidos, subsiste apenas a banda de imagem. Detentor de Direitos: Por favor contacte a Cinemateca Portuguesa-Museu do Cinema para obter informações sobre os detentores de direitos. | Please contact the Cinemateca Portuguesa-Museu do Cinema for information about the rights holders. ID CP-MC: 7003314 | No que respeita o paradeiro de materiais conhecidos, subsiste apenas a banda de imagem. Detentor de Direitos: Por favor contacte a Cinemateca Portuguesa-Museu do Cinema para obter informações sobre os detentores de direitos. | Please contact the Cinemateca Portuguesa-Museu do Cinem...",1946,Imagem,1946-01-01,Documentário e registro histórico,Plataforma externa de vídeo
Cinemateca Portuguesa - Museu do Cinema,cinemateca-portuguesa-museu-do-cinema,Portugal,Europe,PT-CINEMATECA,National film and moving image archive,https://www.cinemateca.pt/,True,True,https://www.cinemateca.pt/cinemateca-digital/video.aspx,Vimeo,http://player.vimeo.com/video/141553783?title=0&byline=0&portrait=0,Imagem,"Portugal, 1946(?); Documentário Duração: 00:11:00, 24 fps Formato: 35mm, PB, sem som AR: 1:1,37 Descrição: Imagens não montadas. Detentor de Direitos: Por favor contacte a Cinemateca Portuguesa-Museu do Cinema para obter informações sobre os detentores de direitos. | Please contact the Cinemateca Portuguesa-Museu do Cinema for information about the rights holders. ID CP-MC: 7001987; 35mm, PB, sem som AR: 1:1,37 Descrição: Imagens não montadas. Detentor de Direitos: Por favor contacte a Cinemateca Portuguesa-Museu do Cinema para obter informações sobre os detentores de direitos. | Please contact the Cinemateca Portuguesa-Museu do Cinema for information about the rights holders. ID CP-MC: 7001987","Ficha pública da Cinemateca Digital. | ID CP-MC: 7001987 | gênero: Documentário Duração: 00:11:00, 24 fps Formato: 35mm, PB, sem som AR: 1:1,37 Descrição: Imagens não montadas. Detentor de Direitos: Por favor contacte a Cinemateca Portuguesa-Museu do Cinema para obter informações sobre os detentores de direitos. | Please contact the Cinemateca Portuguesa-Museu do Cinema for information about the rights holders. ID CP-MC: 7001987 | duração: 00:11:00, 24 fps Formato: 35mm, PB, sem som AR: 1:1,37 Descrição: Imagens não montadas. Detentor de Direitos: Por favor contacte a Cinemateca Portuguesa-Museu do Cinema para obter informações sobre os detentores de direitos. | Please contact the Cinemateca Portuguesa-Museu do Cinema for information about the rights holders. ID CP-MC: 7001987 | formato: 35mm, PB, sem som AR: 1:1,37 Descrição: Imagens não montadas. Detentor de Direitos: Por favor contacte a Cinemateca Portuguesa-Museu do Cinema para obter informações sobre os detentores de direitos. | Please contact the Cinemateca Portuguesa-Museu do Cinema for information about the rights holders. ID CP-MC: 7001987 | Imagens não montadas. Detentor de Direitos: Por favor contacte a Cinemateca Portuguesa-Museu do Cinema para obter informações sobre os detentores de direitos. | Please contact the Cinemateca Portuguesa-Museu do Cinema for information about the rights holders. ID CP-MC: 7001987 | Por favor contacte a Cinemateca Portuguesa-Museu do Cinema para obter informações sobre os detentores de direitos. | Please contact the Cinemateca Portuguesa-Museu do Cinema for information about the...",1946,Imagem,1946-01-01,Documentário e registro histórico,Plataforma externa de vídeo
Cinemateca Portuguesa - Museu do Cinema,cinemateca-portuguesa-museu-do-cinema,Portugal,Europe,PT-CINEMATECA,National film and moving image archive,https://www.cinemateca.pt/,True,True,https://www.cinemateca.pt/cinemateca-digital/video.aspx,Vimeo,http://player.vimeo.com/video/792585192?title=0&byline=0&portrait=0,Imagem,"Portugal, 1944; Documentário Duração: 00:18:58, 24 fps Formato: 35mm, PB, com som AR: 1:1,37 Descrição: As festas desportivas que se realizaram em 10 de Junho de 1944, para inauguração do Estádio Nacional em Lisboa. Panorâmica sobre o curso das obras. À cerimónia, estiveram presentes mais de sessenta mil espectadores, tendo assistido o Chefe do Estado, Óscar Carmona, e o Presidente do Conselho, Oliveira Salazar. Detentor de Direitos: Por favor contacte a Cinemateca Portuguesa-Museu do Cinema para obter informações sobre os detentores de direitos. | Please contact the Cinemateca Portuguesa-Museu do Cinema for information about the rights holders. ID CP-MC: 7002982; 35mm, PB, com som AR: 1:1,37 Descrição: As festas desportivas que se realizaram em 10 de Junho de 1944, para inauguração do Estádio Nacional em Lisboa. Panorâmica sobre o curso das obras. À cerimónia, estiveram presentes mais de sessenta mil espectadores, tendo assistido o Chefe do Estado, Óscar Carmona, e o Presidente do Conselho, Oliveira Salazar. Detentor de Direitos: Por favor contacte a Cinemateca Portuguesa-Museu do Cinema para obter informações sobre os detentores de direitos. | Please contact the Cinemateca Portuguesa-Museu do Cinema for information about the rights holders. ID CP-MC: 7002982","Ficha pública da Cinemateca Digital. | ID CP-MC: 7002982 | gênero: Documentário Duração: 00:18:58, 24 fps Formato: 35mm, PB, com som AR: 1:1,37 Descrição: As festas desportivas que se realizaram em 10 de Junho de 1944, para inauguração do Estádio Nacional em Lisboa. Panorâmica sobre o curso das obras. À cerimónia, estiveram presentes mais de sessenta mil espectadores, tendo assistido o Chefe do Estado, Óscar Carmona, e o Presidente do Conselho, Oliveira Salazar. Detentor de Direitos: Por favor contacte a Cinemateca Portuguesa-Museu do Cinema para obter informações sobre os detentores de direitos. | Please contact the Cinemateca Portuguesa-Museu do Cinema for information about the rights holders. ID CP-MC: 7002982 | duração: 00:18:58, 24 fps Formato: 35mm, PB, com som AR: 1:1,37 Descrição: As festas desportivas que se realizaram em 10 de Junho de 1944, para inauguração do Estádio Nacional em Lisboa. Panorâmica sobre o curso das obras. À cerimónia, estiveram presentes mais de sessenta mil espectadores, tendo assistido o Chefe do Estado, Óscar Carmona, e o Presidente do Conselho, Oliveira Salazar. Detentor de Direitos: Por favor contacte a Cinemateca Portuguesa-Museu do Cinema para obter informações sobre os detentores de direitos. | Please contact the Cinemateca Portuguesa-Museu do Cinema for information about the rights holders. ID CP-MC: 7002982 | formato: 35mm, PB, com som AR: 1:1,37 Descrição: As festas desportivas que se realizaram em 10 de Junho de 1944, para inauguração do Estádio Nacional em Lisboa. Panorâmica sobre o curso das obras. À cerimónia, estiveram presentes...",1944,Imagem,1944-01-01,"Vida pública, política e história",Plataforma externa de vídeo
Cinemateca Portuguesa - Museu do Cinema,cinemateca-portuguesa-museu-do-cinema,Portugal,Europe,PT-CINEMATECA,National film and moving image archive,https://www.cinemateca.pt/,True,True,https://www.cinemateca.pt/cinemateca-digital/video.aspx,Vimeo,http://player.vimeo.com/video/134099526?title=0&byline=0&portrait=0,Imagem,"Portugal, 1943; Documentário Duração: 00:40:15, 24 fps Formato: 35mm, PB, sem som AR: 1:1,37 Descrição: Restos. Imagens não montadas. Detentor de Direitos: Por favor contacte a Cinemateca Portuguesa-Museu do Cinema para obter informações sobre os detentores de direitos. | Please contact the Cinemateca Portuguesa-Museu do Cinema for information about the rights holders. ID CP-MC: 7000384; 35mm, PB, sem som AR: 1:1,37 Descrição: Restos. Imagens não montadas. Detentor de Direitos: Por favor contacte a Cinemateca Portuguesa-Museu do Cinema para obter informações sobre os detentores de direitos. | Please contact the Cinemateca Portuguesa-Museu do Cinema for information about the rights holders. ID CP-MC: 7000384","Ficha pública da Cinemateca Digital. | ID CP-MC: 7000384 | gênero: Documentário Duração: 00:40:15, 24 fps Formato: 35mm, PB, sem som AR: 1:1,37 Descrição: Restos. Imagens não montadas. Detentor de Direitos: Por favor contacte a Cinemateca Portuguesa-Museu do Cinema para obter informações sobre os detentores de direitos. | Please contact the Cinemateca Portuguesa-Museu do Cinema for information about the rights holders. ID CP-MC: 7000384 | duração: 00:40:15, 24 fps Formato: 35mm, PB, sem som AR: 1:1,37 Descrição: Restos. Imagens não montadas. Detentor de Direitos: Por favor contacte a Cinemateca Portuguesa-Museu do Cinema para obter informações sobre os detentores de direitos. | Please contact the Cinemateca Portuguesa-Museu do Cinema for information about the rights holders. ID CP-MC: 7000384 | formato: 35mm, PB, sem som AR: 1:1,37 Descrição: Restos. Imagens não montadas. Detentor de Direitos: Por favor contacte a Cinemateca Portuguesa-Museu do Cinema para obter informações sobre os detentores de direitos. | Please contact the Cinemateca Portuguesa-Museu do Cinema for information about the rights holders. ID CP-MC: 7000384 | Restos. Imagens não montadas. Detentor de Direitos: Por favor contacte a Cinemateca Portuguesa-Museu do Cinema para obter informações sobre os detentores de direitos. | Please contact the Cinemateca Portuguesa-Museu do Cinema for information about the rights holders. ID CP-MC: 7000384 | Por favor contacte a Cinemateca Portuguesa-Museu do Cinema para obter informações sobre os detentores de direitos. | Please contact the Cinemateca Portuguesa-Museu do C...",1943,Imagem,1943-01-01,Documentário e registro histórico,Plataforma externa de vídeo
Cinemateca Portuguesa - Museu do Cinema,cinemateca-portuguesa-museu-do-cinema,Portugal,Europe,PT-CINEMATECA,National film and moving image archive,https://www.cinemateca.pt/,True,True,https://www.cinemateca.pt/cinemateca-digital/video.aspx,Vimeo,http://player.vimeo.com/video/175387201?title=0&byline=0&portrait=0,Imagem,"Portugal, 1941(?); Documentário Duração: 00:09:26, 24 fps Formato: 35mm, PB, com som AR: 1:1,37 Descrição: No que respeita o paradeiro de materiais conhecidos, subsiste apenas a banda de imagem. Detentor de Direitos: Por favor contacte a Cinemateca Portuguesa-Museu do Cinema para obter informações sobre os detentores de direitos. | Please contact the Cinemateca Portuguesa-Museu do Cinema for information about the rights holders. ID CP-MC: 7001908; 35mm, PB, com som AR: 1:1,37 Descrição: No que respeita o paradeiro de materiais conhecidos, subsiste apenas a banda de imagem. Detentor de Direitos: Por favor contacte a Cinemateca Portuguesa-Museu do Cinema para obter informações sobre os detentores de direitos. | Please contact the Cinemateca Portuguesa-Museu do Cinema for information about the rights holders. ID CP-MC: 7001908","Ficha pública da Cinemateca Digital. | ID CP-MC: 7001908 | gênero: Documentário Duração: 00:09:26, 24 fps Formato: 35mm, PB, com som AR: 1:1,37 Descrição: No que respeita o paradeiro de materiais conhecidos, subsiste apenas a banda de imagem. Detentor de Direitos: Por favor contacte a Cinemateca Portuguesa-Museu do Cinema para obter informações sobre os detentores de direitos. | Please contact the Cinemateca Portuguesa-Museu do Cinema for information about the rights holders. ID CP-MC: 7001908 | duração: 00:09:26, 24 fps Formato: 35mm, PB, com som AR: 1:1,37 Descrição: No que respeita o paradeiro de materiais conhecidos, subsiste apenas a banda de imagem. Detentor de Direitos: Por favor contacte a Cinemateca Portuguesa-Museu do Cinema para obter informações sobre os detentores de direitos. | Please contact the Cinemateca Portuguesa-Museu do Cinema for information about the rights holders. ID CP-MC: 7001908 | formato: 35mm, PB, com som AR: 1:1,37 Descrição: No que respeita o paradeiro de materiais conhecidos, subsiste apenas a banda de imagem. Detentor de Direitos: Por favor contacte a Cinemateca Portuguesa-Museu do Cinema para obter informações sobre os detentores de direitos. | Please contact the Cinemateca Portuguesa-Museu do Cinema for information about the rights holders. ID CP-MC: 7001908 | No que respeita o paradeiro de materiais conhecidos, subsiste apenas a banda de imagem. Detentor de Direitos: Por favor contacte a Cinemateca Portuguesa-Museu do Cinema para obter informações sobre os detentores de direitos. | Please contact the Cinemateca Portuguesa-Museu do Cinem...",1941,Imagem,1941-01-01,Documentário e registro histórico,Plataforma externa de vídeo
Cinemateca Portuguesa - Museu do Cinema,cinemateca-portuguesa-museu-do-cinema,Portugal,Europe,PT-CINEMATECA,National film and moving image archive,https://www.cinemateca.pt/,True,True,https://www.cinemateca.pt/cinemateca-digital/video.aspx,Vimeo,http://player.vimeo.com/video/175393242?title=0&byline=0&portrait=0,Imagem,"Portugal, 1940(?); Documentário Duração: 00:04:06, 24 fps Formato: 35mm, PB, sem som AR: 1:1,33 Descrição: Refugiados da II Guerra Mundial em Vilar Formoso. Detentor de Direitos: Por favor contacte a Cinemateca Portuguesa-Museu do Cinema para obter informações sobre os detentores de direitos. | Please contact the Cinemateca Portuguesa-Museu do Cinema for information about the rights holders. ID CP-MC: 7000383; 35mm, PB, sem som AR: 1:1,33 Descrição: Refugiados da II Guerra Mundial em Vilar Formoso. Detentor de Direitos: Por favor contacte a Cinemateca Portuguesa-Museu do Cinema para obter informações sobre os detentores de direitos. | Please contact the Cinemateca Portuguesa-Museu do Cinema for information about the rights holders. ID CP-MC: 7000383","Ficha pública da Cinemateca Digital. | ID CP-MC: 7000383 | gênero: Documentário Duração: 00:04:06, 24 fps Formato: 35mm, PB, sem som AR: 1:1,33 Descrição: Refugiados da II Guerra Mundial em Vilar Formoso. Detentor de Direitos: Por favor contacte a Cinemateca Portuguesa-Museu do Cinema para obter informações sobre os detentores de direitos. | Please contact the Cinemateca Portuguesa-Museu do Cinema for information about the rights holders. ID CP-MC: 7000383 | duração: 00:04:06, 24 fps Formato: 35mm, PB, sem som AR: 1:1,33 Descrição: Refugiados da II Guerra Mundial em Vilar Formoso. Detentor de Direitos: Por favor contacte a Cinemateca Portuguesa-Museu do Cinema para obter informações sobre os detentores de direitos. | Please contact the Cinemateca Portuguesa-Museu do Cinema for information about the rights holders. ID CP-MC: 7000383 | formato: 35mm, PB, sem som AR: 1:1,33 Descrição: Refugiados da II Guerra Mundial em Vilar Formoso. Detentor de Direitos: Por favor contacte a Cinemateca Portuguesa-Museu do Cinema para obter informações sobre os detentores de direitos. | Please contact the Cinemateca Portuguesa-Museu do Cinema for information about the rights holders. ID CP-MC: 7000383 | Refugiados da II Guerra Mundial em Vilar Formoso. Detentor de Direitos: Por favor contacte a Cinemateca Portuguesa-Museu do Cinema para obter informações sobre os detentores de direitos. | Please contact the Cinemateca Portuguesa-Museu do Cinema for information about the rights holders. ID CP-MC: 7000383 | Por favor contacte a Cinemateca Portuguesa-Museu do Cinema para obter informações sobre...",1940,Imagem,1940-01-01,"Vida pública, política e história",Plataforma externa de vídeo
Cinemateca Portuguesa - Museu do Cinema,cinemateca-portuguesa-museu-do-cinema,Portugal,Europe,PT-CINEMATECA,National film and moving image archive,https://www.cinemateca.pt/,True,True,https://www.cinemateca.pt/cinemateca-digital/video.aspx,Vimeo,http://player.vimeo.com/video/141555059?title=0&byline=0&portrait=0,Imagem,"Portugal, 1932; Documentário Duração: 00:05:28, 20ips Formato: 35mm, PB, sem som AR: 1:1,33 Descrição: Imagens não montadas. Passeio de barco ao Portinho da Arrábida, a bordo do Vapor Lisbonense, no Verão de 1932. Detentor de Direitos: Por favor contacte a Cinemateca Portuguesa-Museu do Cinema para obter informações sobre os detentores de direitos. | Please contact the Cinemateca Portuguesa-Museu do Cinema for information about the rights holders. ID CP-MC: 7001982; 35mm, PB, sem som AR: 1:1,33 Descrição: Imagens não montadas. Passeio de barco ao Portinho da Arrábida, a bordo do Vapor Lisbonense, no Verão de 1932. Detentor de Direitos: Por favor contacte a Cinemateca Portuguesa-Museu do Cinema para obter informações sobre os detentores de direitos. | Please contact the Cinemateca Portuguesa-Museu do Cinema for information about the rights holders. ID CP-MC: 7001982","Ficha pública da Cinemateca Digital. | ID CP-MC: 7001982 | gênero: Documentário Duração: 00:05:28, 20ips Formato: 35mm, PB, sem som AR: 1:1,33 Descrição: Imagens não montadas. Passeio de barco ao Portinho da Arrábida, a bordo do Vapor Lisbonense, no Verão de 1932. Detentor de Direitos: Por favor contacte a Cinemateca Portuguesa-Museu do Cinema para obter informações sobre os detentores de direitos. | Please contact the Cinemateca Portuguesa-Museu do Cinema for information about the rights holders. ID CP-MC: 7001982 | duração: 00:05:28, 20ips Formato: 35mm, PB, sem som AR: 1:1,33 Descrição: Imagens não montadas. Passeio de barco ao Portinho da Arrábida, a bordo do Vapor Lisbonense, no Verão de 1932. Detentor de Direitos: Por favor contacte a Cinemateca Portuguesa-Museu do Cinema para obter informações sobre os detentores de direitos. | Please contact the Cinemateca Portuguesa-Museu do Cinema for information about the rights holders. ID CP-MC: 7001982 | formato: 35mm, PB, sem som AR: 1:1,33 Descrição: Imagens não montadas. Passeio de barco ao Portinho da Arrábida, a bordo do Vapor Lisbonense, no Verão de 1932. Detentor de Direitos: Por favor contacte a Cinemateca Portuguesa-Museu do Cinema para obter informações sobre os detentores de direitos. | Please contact the Cinemateca Portuguesa-Museu do Cinema for information about the rights holders. ID CP-MC: 7001982 | Imagens não montadas. Passeio de barco ao Portinho da Arrábida, a bordo do Vapor Lisbonense, no Verão de 1932. Detentor de Direitos: Por favor contacte a Cinemateca Portuguesa-Museu do Cinema para obter informações...",1932,Imagem,1932-01-01,Documentário e registro histórico,Plataforma externa de vídeo
Cinemateca Portuguesa - Museu do Cinema,cinemateca-portuguesa-museu-do-cinema,Portugal,Europe,PT-CINEMATECA,National film and moving image archive,https://www.cinemateca.pt/,True,True,https://www.cinemateca.pt/cinemateca-digital/video.aspx,Vimeo,http://player.vimeo.com/video/135029116?title=0&byline=0&portrait=0,Imagem,"Portugal, s/d; Documentário Duração: 00:10:20, 24ips Formato: 35mm, PB, com som AR: 1:1,37 Descrição: Imagens não montadas. No que respeita o paradeiro de materiais conhecidos, subsiste apenas a banda de imagem. Detentor de Direitos: Por favor contacte a Cinemateca Portuguesa-Museu do Cinema para obter informações sobre os detentores de direitos. | Please contact the Cinemateca Portuguesa-Museu do Cinema for information about the rights holders. ID CP-MC: 7001558; 35mm, PB, com som AR: 1:1,37 Descrição: Imagens não montadas. No que respeita o paradeiro de materiais conhecidos, subsiste apenas a banda de imagem. Detentor de Direitos: Por favor contacte a Cinemateca Portuguesa-Museu do Cinema para obter informações sobre os detentores de direitos. | Please contact the Cinemateca Portuguesa-Museu do Cinema for information about the rights holders. ID CP-MC: 7001558","Ficha pública da Cinemateca Digital. | ID CP-MC: 7001558 | gênero: Documentário Duração: 00:10:20, 24ips Formato: 35mm, PB, com som AR: 1:1,37 Descrição: Imagens não montadas. No que respeita o paradeiro de materiais conhecidos, subsiste apenas a banda de imagem. Detentor de Direitos: Por favor contacte a Cinemateca Portuguesa-Museu do Cinema para obter informações sobre os detentores de direitos. | Please contact the Cinemateca Portuguesa-Museu do Cinema for information about the rights holders. ID CP-MC: 7001558 | duração: 00:10:20, 24ips Formato: 35mm, PB, com som AR: 1:1,37 Descrição: Imagens não montadas. No que respeita o paradeiro de materiais conhecidos, subsiste apenas a banda de imagem. Detentor de Direitos: Por favor contacte a Cinemateca Portuguesa-Museu do Cinema para obter informações sobre os detentores de direitos. | Please contact the Cinemateca Portuguesa-Museu do Cinema for information about the rights holders. ID CP-MC: 7001558 | formato: 35mm, PB, com som AR: 1:1,37 Descrição: Imagens não montadas. No que respeita o paradeiro de materiais conhecidos, subsiste apenas a banda de imagem. Detentor de Direitos: Por favor contacte a Cinemateca Portuguesa-Museu do Cinema para obter informações sobre os detentores de direitos. | Please contact the Cinemateca Portuguesa-Museu do Cinema for information about the rights holders. ID CP-MC: 7001558 | Imagens não montadas. No que respeita o paradeiro de materiais conhecidos, subsiste apenas a banda de imagem. Detentor de Direitos: Por favor contacte a Cinemateca Portuguesa-Museu do Cinema para obter informações sobr...",,Imagem,,Documentário e registro histórico,Plataforma externa de vídeo
Cinemateca Portuguesa - Museu do Cinema,cinemateca-portuguesa-museu-do-cinema,Portugal,Europe,PT-CINEMATECA,National film and moving image archive,https://www.cinemateca.pt/,True,True,https://www.cinemateca.pt/cinemateca-digital/video.aspx,Vimeo,http://player.vimeo.com/video/141554728?title=0&byline=0&portrait=0,Imagem,"Portugal, n/a; Documentário Duração: 00:04:15, 24 fps Formato: 35mm, PB, sem som AR: 1:1,37 Descrição: Imagens não montadas. Detentor de Direitos: Por favor contacte a Cinemateca Portuguesa-Museu do Cinema para obter informações sobre os detentores de direitos. | Please contact the Cinemateca Portuguesa-Museu do Cinema for information about the rights holders. ID CP-MC: 7001976; 35mm, PB, sem som AR: 1:1,37 Descrição: Imagens não montadas. Detentor de Direitos: Por favor contacte a Cinemateca Portuguesa-Museu do Cinema para obter informações sobre os detentores de direitos. | Please contact the Cinemateca Portuguesa-Museu do Cinema for information about the rights holders. ID CP-MC: 7001976","Ficha pública da Cinemateca Digital. | ID CP-MC: 7001976 | gênero: Documentário Duração: 00:04:15, 24 fps Formato: 35mm, PB, sem som AR: 1:1,37 Descrição: Imagens não montadas. Detentor de Direitos: Por favor contacte a Cinemateca Portuguesa-Museu do Cinema para obter informações sobre os detentores de direitos. | Please contact the Cinemateca Portuguesa-Museu do Cinema for information about the rights holders. ID CP-MC: 7001976 | duração: 00:04:15, 24 fps Formato: 35mm, PB, sem som AR: 1:1,37 Descrição: Imagens não montadas. Detentor de Direitos: Por favor contacte a Cinemateca Portuguesa-Museu do Cinema para obter informações sobre os detentores de direitos. | Please contact the Cinemateca Portuguesa-Museu do Cinema for information about the rights holders. ID CP-MC: 7001976 | formato: 35mm, PB, sem som AR: 1:1,37 Descrição: Imagens não montadas. Detentor de Direitos: Por favor contacte a Cinemateca Portuguesa-Museu do Cinema para obter informações sobre os detentores de direitos. | Please contact the Cinemateca Portuguesa-Museu do Cinema for information about the rights holders. ID CP-MC: 7001976 | Imagens não montadas. Detentor de Direitos: Por favor contacte a Cinemateca Portuguesa-Museu do Cinema para obter informações sobre os detentores de direitos. | Please contact the Cinemateca Portuguesa-Museu do Cinema for information about the rights holders. ID CP-MC: 7001976 | Por favor contacte a Cinemateca Portuguesa-Museu do Cinema para obter informações sobre os detentores de direitos. | Please contact the Cinemateca Portuguesa-Museu do Cinema for information about the...",,Imagem,,Documentário e registro histórico,Plataforma externa de vídeo
Cinemateca Portuguesa - Museu do Cinema,cinemateca-portuguesa-museu-do-cinema,Portugal,Europe,PT-CINEMATECA,National film and moving image archive,https://www.cinemateca.pt/,True,True,https://www.cinemateca.pt/cinemateca-digital/video.aspx,Vimeo,http://player.vimeo.com/video/141554511?title=0&byline=0&portrait=0,Imagem,"Portugal, n/a; Documentário Duração: 00:10:25, 24 fps Formato: 35mm, PB, sem som AR: 1:1,37 Descrição: Imagens não montadas. Detentor de Direitos: Por favor contacte a Cinemateca Portuguesa-Museu do Cinema para obter informações sobre os detentores de direitos. | Please contact the Cinemateca Portuguesa-Museu do Cinema for information about the rights holders. ID CP-MC: 7001981; 35mm, PB, sem som AR: 1:1,37 Descrição: Imagens não montadas. Detentor de Direitos: Por favor contacte a Cinemateca Portuguesa-Museu do Cinema para obter informações sobre os detentores de direitos. | Please contact the Cinemateca Portuguesa-Museu do Cinema for information about the rights holders. ID CP-MC: 7001981","Ficha pública da Cinemateca Digital. | ID CP-MC: 7001981 | gênero: Documentário Duração: 00:10:25, 24 fps Formato: 35mm, PB, sem som AR: 1:1,37 Descrição: Imagens não montadas. Detentor de Direitos: Por favor contacte a Cinemateca Portuguesa-Museu do Cinema para obter informações sobre os detentores de direitos. | Please contact the Cinemateca Portuguesa-Museu do Cinema for information about the rights holders. ID CP-MC: 7001981 | duração: 00:10:25, 24 fps Formato: 35mm, PB, sem som AR: 1:1,37 Descrição: Imagens não montadas. Detentor de Direitos: Por favor contacte a Cinemateca Portuguesa-Museu do Cinema para obter informações sobre os detentores de direitos. | Please contact the Cinemateca Portuguesa-Museu do Cinema for information about the rights holders. ID CP-MC: 7001981 | formato: 35mm, PB, sem som AR: 1:1,37 Descrição: Imagens não montadas. Detentor de Direitos: Por favor contacte a Cinemateca Portuguesa-Museu do Cinema para obter informações sobre os detentores de direitos. | Please contact the Cinemateca Portuguesa-Museu do Cinema for information about the rights holders. ID CP-MC: 7001981 | Imagens não montadas. Detentor de Direitos: Por favor contacte a Cinemateca Portuguesa-Museu do Cinema para obter informações sobre os detentores de direitos. | Please contact the Cinemateca Portuguesa-Museu do Cinema for information about the rights holders. ID CP-MC: 7001981 | Por favor contacte a Cinemateca Portuguesa-Museu do Cinema para obter informações sobre os detentores de direitos. | Please contact the Cinemateca Portuguesa-Museu do Cinema for information about the...",,Imagem,,Documentário e registro histórico,Plataforma externa de vídeo
Cinemateca Portuguesa - Museu do Cinema,cinemateca-portuguesa-museu-do-cinema,Portugal,Europe,PT-CINEMATECA,National film and moving image archive,https://www.cinemateca.pt/,True,True,https://www.cinemateca.pt/cinemateca-digital/video.aspx,Vimeo,http://player.vimeo.com/video/141554979?title=0&byline=0&portrait=0,Imagem,"Portugal, n/a; Documentário Duração: 00:04:29, 24 fps Formato: 35mm, PB, sem som AR: 1:1,37 Detentor de Direitos: Por favor contacte a Cinemateca Portuguesa-Museu do Cinema para obter informações sobre os detentores de direitos. | Please contact the Cinemateca Portuguesa-Museu do Cinema for information about the rights holders. ID CP-MC: 7001978; 35mm, PB, sem som AR: 1:1,37 Detentor de Direitos: Por favor contacte a Cinemateca Portuguesa-Museu do Cinema para obter informações sobre os detentores de direitos. | Please contact the Cinemateca Portuguesa-Museu do Cinema for information about the rights holders. ID CP-MC: 7001978","Ficha pública da Cinemateca Digital. | ID CP-MC: 7001978 | gênero: Documentário Duração: 00:04:29, 24 fps Formato: 35mm, PB, sem som AR: 1:1,37 Detentor de Direitos: Por favor contacte a Cinemateca Portuguesa-Museu do Cinema para obter informações sobre os detentores de direitos. | Please contact the Cinemateca Portuguesa-Museu do Cinema for information about the rights holders. ID CP-MC: 7001978 | duração: 00:04:29, 24 fps Formato: 35mm, PB, sem som AR: 1:1,37 Detentor de Direitos: Por favor contacte a Cinemateca Portuguesa-Museu do Cinema para obter informações sobre os detentores de direitos. | Please contact the Cinemateca Portuguesa-Museu do Cinema for information about the rights holders. ID CP-MC: 7001978 | formato: 35mm, PB, sem som AR: 1:1,37 Detentor de Direitos: Por favor contacte a Cinemateca Portuguesa-Museu do Cinema para obter informações sobre os detentores de direitos. | Please contact the Cinemateca Portuguesa-Museu do Cinema for information about the rights holders. ID CP-MC: 7001978 | Por favor contacte a Cinemateca Portuguesa-Museu do Cinema para obter informações sobre os detentores de direitos. | Please contact the Cinemateca Portuguesa-Museu do Cinema for information about the rights holders. ID CP-MC: 7001978 | iframe Vimeo público detectado",,Imagem,,Documentário e registro histórico,Plataforma externa de vídeo
Cinemateca Portuguesa - Museu do Cinema,cinemateca-portuguesa-museu-do-cinema,Portugal,Europe,PT-CINEMATECA,National film and moving image archive,https://www.cinemateca.pt/,True,True,https://www.cinemateca.pt/cinemateca-digital/video.aspx,Vimeo,http://player.vimeo.com/video/252174072?title=0&byline=0&portrait=0,Imagem,"Portugal, n/a; Documentário Duração: 00:04:16, 24 fps Formato: 35mm, PB, sem som AR: 1:1,37 Detentor de Direitos: Por favor contacte a Cinemateca Portuguesa-Museu do Cinema para obter informações sobre os detentores de direitos. | Please contact the Cinemateca Portuguesa-Museu do Cinema for information about the rights holders. ID CP-MC: 7002033; 35mm, PB, sem som AR: 1:1,37 Detentor de Direitos: Por favor contacte a Cinemateca Portuguesa-Museu do Cinema para obter informações sobre os detentores de direitos. | Please contact the Cinemateca Portuguesa-Museu do Cinema for information about the rights holders. ID CP-MC: 7002033","Ficha pública da Cinemateca Digital. | ID CP-MC: 7002033 | gênero: Documentário Duração: 00:04:16, 24 fps Formato: 35mm, PB, sem som AR: 1:1,37 Detentor de Direitos: Por favor contacte a Cinemateca Portuguesa-Museu do Cinema para obter informações sobre os detentores de direitos. | Please contact the Cinemateca Portuguesa-Museu do Cinema for information about the rights holders. ID CP-MC: 7002033 | duração: 00:04:16, 24 fps Formato: 35mm, PB, sem som AR: 1:1,37 Detentor de Direitos: Por favor contacte a Cinemateca Portuguesa-Museu do Cinema para obter informações sobre os detentores de direitos. | Please contact the Cinemateca Portuguesa-Museu do Cinema for information about the rights holders. ID CP-MC: 7002033 | formato: 35mm, PB, sem som AR: 1:1,37 Detentor de Direitos: Por favor contacte a Cinemateca Portuguesa-Museu do Cinema para obter informações sobre os detentores de direitos. | Please contact the Cinemateca Portuguesa-Museu do Cinema for information about the rights holders. ID CP-MC: 7002033 | Por favor contacte a Cinemateca Portuguesa-Museu do Cinema para obter informações sobre os detentores de direitos. | Please contact the Cinemateca Portuguesa-Museu do Cinema for information about the rights holders. ID CP-MC: 7002033 | iframe Vimeo público detectado",,Imagem,,Documentário e registro histórico,Plataforma externa de vídeo
