institution,slug,country,continent,repository_code,archive_type,luce_detail_url,content_available_in_source,website_available,partner_site,internal_page,status,http_code,video_links_found,embedded_signals,warning,error
Cinecittà - Archivio Luce,cinecitt-archivio-luce,Italy,Europe,IT-CINECITTA-LUCE,Historical film and audiovisual archive,https://www.archivioluce.com/,True,True,https://patrimonio.archivioluce.com/luce-web/search/result.html?query=&jsonVal=%7B%22jsonVal%22%3A%7B%22startDate%22%3A%22%22%2C%22endDate%22%3A%22%22%2C%22fieldDate%22%3A%22dataNormal%22%2C%22_perPage%22%3A20%2C%22archiveType_string%22%3A%22%5C%22xDamsCineLuce%5C%22%22%7D%7D&activeFilter=archiveType_string,https://www.archivioluce.com/,ok,200,0,0,Site oficial do Archivio Storico Istituto Luce.,
Cinecittà - Archivio Luce,cinecitt-archivio-luce,Italy,Europe,IT-CINECITTA-LUCE,Historical film and audiovisual archive,https://www.archivioluce.com/,True,True,https://patrimonio.archivioluce.com/luce-web/search/result.html?query=&jsonVal=%7B%22jsonVal%22%3A%7B%22startDate%22%3A%22%22%2C%22endDate%22%3A%22%22%2C%22fieldDate%22%3A%22dataNormal%22%2C%22_perPage%22%3A20%2C%22archiveType_string%22%3A%22%5C%22xDamsCineLuce%5C%22%22%7D%7D&activeFilter=archiveType_string,https://www.archivioluce.com/archivio-cinematografico/,ok,200,0,0,Página oficial do Archivio cinematografico e link para `Vedi tutti i filmati`.,
Cinecittà - Archivio Luce,cinecitt-archivio-luce,Italy,Europe,IT-CINECITTA-LUCE,Historical film and audiovisual archive,https://www.archivioluce.com/,True,True,https://patrimonio.archivioluce.com/luce-web/search/result.html?query=&jsonVal=%7B%22jsonVal%22%3A%7B%22startDate%22%3A%22%22%2C%22endDate%22%3A%22%22%2C%22fieldDate%22%3A%22dataNormal%22%2C%22_perPage%22%3A20%2C%22archiveType_string%22%3A%22%5C%22xDamsCineLuce%5C%22%22%7D%7D&activeFilter=archiveType_string,https://cinecitta.com/en/archivio-storico/,ok,200,0,0,Página institucional Cinecittà sobre o arquivo histórico.,
Cinecittà - Archivio Luce,cinecitt-archivio-luce,Italy,Europe,IT-CINECITTA-LUCE,Historical film and audiovisual archive,https://www.archivioluce.com/,True,True,https://patrimonio.archivioluce.com/luce-web/search/result.html?query=&jsonVal=%7B%22jsonVal%22%3A%7B%22startDate%22%3A%22%22%2C%22endDate%22%3A%22%22%2C%22fieldDate%22%3A%22dataNormal%22%2C%22_perPage%22%3A20%2C%22archiveType_string%22%3A%22%5C%22xDamsCineLuce%5C%22%22%7D%7D&activeFilter=archiveType_string,https://patrimonio.archivioluce.com/luce-web/,ok,200,0,0,Aplicação pública do catálogo `patrimonio.archivioluce.com/luce-web`.,
Cinecittà - Archivio Luce,cinecitt-archivio-luce,Italy,Europe,IT-CINECITTA-LUCE,Historical film and audiovisual archive,https://www.archivioluce.com/,True,True,https://patrimonio.archivioluce.com/luce-web/search/result.html?query=&jsonVal=%7B%22jsonVal%22%3A%7B%22startDate%22%3A%22%22%2C%22endDate%22%3A%22%22%2C%22fieldDate%22%3A%22dataNormal%22%2C%22_perPage%22%3A20%2C%22archiveType_string%22%3A%22%5C%22xDamsCineLuce%5C%22%22%7D%7D&activeFilter=archiveType_string,https://patrimonio.archivioluce.com/luce-web/search/result.html?startPage=0&query=&jsonVal=%7B%22jsonVal%22%3A%7B%22startDate%22%3A%22%22%2C%22endDate%22%3A%22%22%2C%22fieldDate%22%3A%22dataNormal%22%2C%22_perPage%22%3A20%2C%22archiveType_string%22%3A%22%5C%22xDamsCineLuce%5C%22%22%7D%7D&activeFilter=archiveType_string&perPage=20,ok,200,20,19,Página 1 do recorte público `Archivio cinematografico` no catálogo Luce.,
Cinecittà - Archivio Luce,cinecitt-archivio-luce,Italy,Europe,IT-CINECITTA-LUCE,Historical film and audiovisual archive,https://www.archivioluce.com/,True,True,https://patrimonio.archivioluce.com/luce-web/search/result.html?query=&jsonVal=%7B%22jsonVal%22%3A%7B%22startDate%22%3A%22%22%2C%22endDate%22%3A%22%22%2C%22fieldDate%22%3A%22dataNormal%22%2C%22_perPage%22%3A20%2C%22archiveType_string%22%3A%22%5C%22xDamsCineLuce%5C%22%22%7D%7D&activeFilter=archiveType_string,https://patrimonio.archivioluce.com/luce-web/search/result.html?startPage=20&query=&jsonVal=%7B%22jsonVal%22%3A%7B%22startDate%22%3A%22%22%2C%22endDate%22%3A%22%22%2C%22fieldDate%22%3A%22dataNormal%22%2C%22_perPage%22%3A20%2C%22archiveType_string%22%3A%22%5C%22xDamsCineLuce%5C%22%22%7D%7D&activeFilter=archiveType_string&perPage=20,ok,200,19,14,Página 2 do recorte público `Archivio cinematografico` no catálogo Luce.,
Cinecittà - Archivio Luce,cinecitt-archivio-luce,Italy,Europe,IT-CINECITTA-LUCE,Historical film and audiovisual archive,https://www.archivioluce.com/,True,True,https://patrimonio.archivioluce.com/luce-web/search/result.html?query=&jsonVal=%7B%22jsonVal%22%3A%7B%22startDate%22%3A%22%22%2C%22endDate%22%3A%22%22%2C%22fieldDate%22%3A%22dataNormal%22%2C%22_perPage%22%3A20%2C%22archiveType_string%22%3A%22%5C%22xDamsCineLuce%5C%22%22%7D%7D&activeFilter=archiveType_string,https://patrimonio.archivioluce.com/luce-web/search/result.html?startPage=40&query=&jsonVal=%7B%22jsonVal%22%3A%7B%22startDate%22%3A%22%22%2C%22endDate%22%3A%22%22%2C%22fieldDate%22%3A%22dataNormal%22%2C%22_perPage%22%3A20%2C%22archiveType_string%22%3A%22%5C%22xDamsCineLuce%5C%22%22%7D%7D&activeFilter=archiveType_string&perPage=20,ok,200,20,19,Página 3 do recorte público `Archivio cinematografico` no catálogo Luce.,
Cinecittà - Archivio Luce,cinecitt-archivio-luce,Italy,Europe,IT-CINECITTA-LUCE,Historical film and audiovisual archive,https://www.archivioluce.com/,True,True,https://patrimonio.archivioluce.com/luce-web/search/result.html?query=&jsonVal=%7B%22jsonVal%22%3A%7B%22startDate%22%3A%22%22%2C%22endDate%22%3A%22%22%2C%22fieldDate%22%3A%22dataNormal%22%2C%22_perPage%22%3A20%2C%22archiveType_string%22%3A%22%5C%22xDamsCineLuce%5C%22%22%7D%7D&activeFilter=archiveType_string,https://patrimonio.archivioluce.com/luce-web/detail/IL3000095511/34/-122199.html?startPage=0,ok,200,1,1,Ficha pública do catálogo cinematográfico Luce verificada.,
Cinecittà - Archivio Luce,cinecitt-archivio-luce,Italy,Europe,IT-CINECITTA-LUCE,Historical film and audiovisual archive,https://www.archivioluce.com/,True,True,https://patrimonio.archivioluce.com/luce-web/search/result.html?query=&jsonVal=%7B%22jsonVal%22%3A%7B%22startDate%22%3A%22%22%2C%22endDate%22%3A%22%22%2C%22fieldDate%22%3A%22dataNormal%22%2C%22_perPage%22%3A20%2C%22archiveType_string%22%3A%22%5C%22xDamsCineLuce%5C%22%22%7D%7D&activeFilter=archiveType_string,https://patrimonio.archivioluce.com/luce-web/detail/IL3000095516/34/-122204.html?startPage=0,ok,200,1,1,Ficha pública do catálogo cinematográfico Luce verificada.,
Cinecittà - Archivio Luce,cinecitt-archivio-luce,Italy,Europe,IT-CINECITTA-LUCE,Historical film and audiovisual archive,https://www.archivioluce.com/,True,True,https://patrimonio.archivioluce.com/luce-web/search/result.html?query=&jsonVal=%7B%22jsonVal%22%3A%7B%22startDate%22%3A%22%22%2C%22endDate%22%3A%22%22%2C%22fieldDate%22%3A%22dataNormal%22%2C%22_perPage%22%3A20%2C%22archiveType_string%22%3A%22%5C%22xDamsCineLuce%5C%22%22%7D%7D&activeFilter=archiveType_string,https://patrimonio.archivioluce.com/luce-web/detail/IL3000095514/34/-122202.html?startPage=0,ok,200,1,1,Ficha pública do catálogo cinematográfico Luce verificada.,
Cinecittà - Archivio Luce,cinecitt-archivio-luce,Italy,Europe,IT-CINECITTA-LUCE,Historical film and audiovisual archive,https://www.archivioluce.com/,True,True,https://patrimonio.archivioluce.com/luce-web/search/result.html?query=&jsonVal=%7B%22jsonVal%22%3A%7B%22startDate%22%3A%22%22%2C%22endDate%22%3A%22%22%2C%22fieldDate%22%3A%22dataNormal%22%2C%22_perPage%22%3A20%2C%22archiveType_string%22%3A%22%5C%22xDamsCineLuce%5C%22%22%7D%7D&activeFilter=archiveType_string,https://patrimonio.archivioluce.com/luce-web/detail/IL3000095311/34/-122155.html?startPage=0,ok,200,1,1,Ficha pública do catálogo cinematográfico Luce verificada.,
Cinecittà - Archivio Luce,cinecitt-archivio-luce,Italy,Europe,IT-CINECITTA-LUCE,Historical film and audiovisual archive,https://www.archivioluce.com/,True,True,https://patrimonio.archivioluce.com/luce-web/search/result.html?query=&jsonVal=%7B%22jsonVal%22%3A%7B%22startDate%22%3A%22%22%2C%22endDate%22%3A%22%22%2C%22fieldDate%22%3A%22dataNormal%22%2C%22_perPage%22%3A20%2C%22archiveType_string%22%3A%22%5C%22xDamsCineLuce%5C%22%22%7D%7D&activeFilter=archiveType_string,https://patrimonio.archivioluce.com/luce-web/detail/IL3000095532/34/immagini-tratte-dai-filmati-luca-comerio-sulla-guerra-italo-turca-1911-1912.html?startPage=0,ok,200,1,1,Ficha pública do catálogo cinematográfico Luce verificada.,
Cinecittà - Archivio Luce,cinecitt-archivio-luce,Italy,Europe,IT-CINECITTA-LUCE,Historical film and audiovisual archive,https://www.archivioluce.com/,True,True,https://patrimonio.archivioluce.com/luce-web/search/result.html?query=&jsonVal=%7B%22jsonVal%22%3A%7B%22startDate%22%3A%22%22%2C%22endDate%22%3A%22%22%2C%22fieldDate%22%3A%22dataNormal%22%2C%22_perPage%22%3A20%2C%22archiveType_string%22%3A%22%5C%22xDamsCineLuce%5C%22%22%7D%7D&activeFilter=archiveType_string,https://patrimonio.archivioluce.com/luce-web/detail/IL3000095515/34/-122203.html?startPage=0,ok,200,1,1,Ficha pública do catálogo cinematográfico Luce verificada.,
Cinecittà - Archivio Luce,cinecitt-archivio-luce,Italy,Europe,IT-CINECITTA-LUCE,Historical film and audiovisual archive,https://www.archivioluce.com/,True,True,https://patrimonio.archivioluce.com/luce-web/search/result.html?query=&jsonVal=%7B%22jsonVal%22%3A%7B%22startDate%22%3A%22%22%2C%22endDate%22%3A%22%22%2C%22fieldDate%22%3A%22dataNormal%22%2C%22_perPage%22%3A20%2C%22archiveType_string%22%3A%22%5C%22xDamsCineLuce%5C%22%22%7D%7D&activeFilter=archiveType_string,https://patrimonio.archivioluce.com/luce-web/detail/IL3000095512/34/-122200.html?startPage=0,ok,200,1,1,Ficha pública do catálogo cinematográfico Luce verificada.,
Cinecittà - Archivio Luce,cinecitt-archivio-luce,Italy,Europe,IT-CINECITTA-LUCE,Historical film and audiovisual archive,https://www.archivioluce.com/,True,True,https://patrimonio.archivioluce.com/luce-web/search/result.html?query=&jsonVal=%7B%22jsonVal%22%3A%7B%22startDate%22%3A%22%22%2C%22endDate%22%3A%22%22%2C%22fieldDate%22%3A%22dataNormal%22%2C%22_perPage%22%3A20%2C%22archiveType_string%22%3A%22%5C%22xDamsCineLuce%5C%22%22%7D%7D&activeFilter=archiveType_string,https://patrimonio.archivioluce.com/luce-web/detail/IL3000095513/34/-122201.html?startPage=0,ok,200,1,1,Ficha pública do catálogo cinematográfico Luce verificada.,
Cinecittà - Archivio Luce,cinecitt-archivio-luce,Italy,Europe,IT-CINECITTA-LUCE,Historical film and audiovisual archive,https://www.archivioluce.com/,True,True,https://patrimonio.archivioluce.com/luce-web/search/result.html?query=&jsonVal=%7B%22jsonVal%22%3A%7B%22startDate%22%3A%22%22%2C%22endDate%22%3A%22%22%2C%22fieldDate%22%3A%22dataNormal%22%2C%22_perPage%22%3A20%2C%22archiveType_string%22%3A%22%5C%22xDamsCineLuce%5C%22%22%7D%7D&activeFilter=archiveType_string,https://patrimonio.archivioluce.com/luce-web/detail/IL3000095531/34/-122211.html?startPage=0,ok,200,1,1,Ficha pública do catálogo cinematográfico Luce verificada.,
Cinecittà - Archivio Luce,cinecitt-archivio-luce,Italy,Europe,IT-CINECITTA-LUCE,Historical film and audiovisual archive,https://www.archivioluce.com/,True,True,https://patrimonio.archivioluce.com/luce-web/search/result.html?query=&jsonVal=%7B%22jsonVal%22%3A%7B%22startDate%22%3A%22%22%2C%22endDate%22%3A%22%22%2C%22fieldDate%22%3A%22dataNormal%22%2C%22_perPage%22%3A20%2C%22archiveType_string%22%3A%22%5C%22xDamsCineLuce%5C%22%22%7D%7D&activeFilter=archiveType_string,https://patrimonio.archivioluce.com/luce-web/detail/IL5000052652/2/il-fronte-italiano-200-cbs-35.html?startPage=0,ok,200,1,1,Ficha pública do catálogo cinematográfico Luce verificada.,
Cinecittà - Archivio Luce,cinecitt-archivio-luce,Italy,Europe,IT-CINECITTA-LUCE,Historical film and audiovisual archive,https://www.archivioluce.com/,True,True,https://patrimonio.archivioluce.com/luce-web/search/result.html?query=&jsonVal=%7B%22jsonVal%22%3A%7B%22startDate%22%3A%22%22%2C%22endDate%22%3A%22%22%2C%22fieldDate%22%3A%22dataNormal%22%2C%22_perPage%22%3A20%2C%22archiveType_string%22%3A%22%5C%22xDamsCineLuce%5C%22%22%7D%7D&activeFilter=archiveType_string,https://patrimonio.archivioluce.com/luce-web/detail/IL5000052667/2/il-fronte-italiano-200-cbs-357.html?startPage=0,ok,200,1,1,Ficha pública do catálogo cinematográfico Luce verificada.,
Cinecittà - Archivio Luce,cinecitt-archivio-luce,Italy,Europe,IT-CINECITTA-LUCE,Historical film and audiovisual archive,https://www.archivioluce.com/,True,True,https://patrimonio.archivioluce.com/luce-web/search/result.html?query=&jsonVal=%7B%22jsonVal%22%3A%7B%22startDate%22%3A%22%22%2C%22endDate%22%3A%22%22%2C%22fieldDate%22%3A%22dataNormal%22%2C%22_perPage%22%3A20%2C%22archiveType_string%22%3A%22%5C%22xDamsCineLuce%5C%22%22%7D%7D&activeFilter=archiveType_string,https://patrimonio.archivioluce.com/luce-web/detail/IL5000052628/2/il-kaiser-tedesco-e-prima-guerra-mondiale-111-h-1102.html?startPage=0,ok,200,1,1,Ficha pública do catálogo cinematográfico Luce verificada.,
Cinecittà - Archivio Luce,cinecitt-archivio-luce,Italy,Europe,IT-CINECITTA-LUCE,Historical film and audiovisual archive,https://www.archivioluce.com/,True,True,https://patrimonio.archivioluce.com/luce-web/search/result.html?query=&jsonVal=%7B%22jsonVal%22%3A%7B%22startDate%22%3A%22%22%2C%22endDate%22%3A%22%22%2C%22fieldDate%22%3A%22dataNormal%22%2C%22_perPage%22%3A20%2C%22archiveType_string%22%3A%22%5C%22xDamsCineLuce%5C%22%22%7D%7D&activeFilter=archiveType_string,https://patrimonio.archivioluce.com/luce-web/detail/IL3000095359/34/-122160.html?startPage=0,ok,200,1,1,Ficha pública do catálogo cinematográfico Luce verificada.,
Cinecittà - Archivio Luce,cinecitt-archivio-luce,Italy,Europe,IT-CINECITTA-LUCE,Historical film and audiovisual archive,https://www.archivioluce.com/,True,True,https://patrimonio.archivioluce.com/luce-web/search/result.html?query=&jsonVal=%7B%22jsonVal%22%3A%7B%22startDate%22%3A%22%22%2C%22endDate%22%3A%22%22%2C%22fieldDate%22%3A%22dataNormal%22%2C%22_perPage%22%3A20%2C%22archiveType_string%22%3A%22%5C%22xDamsCineLuce%5C%22%22%7D%7D&activeFilter=archiveType_string,https://patrimonio.archivioluce.com/luce-web/detail/IL5000052603/2/gli-americani-francia-111-adc-139.html?startPage=0,ok,200,1,1,Ficha pública do catálogo cinematográfico Luce verificada.,
Cinecittà - Archivio Luce,cinecitt-archivio-luce,Italy,Europe,IT-CINECITTA-LUCE,Historical film and audiovisual archive,https://www.archivioluce.com/,True,True,https://patrimonio.archivioluce.com/luce-web/search/result.html?query=&jsonVal=%7B%22jsonVal%22%3A%7B%22startDate%22%3A%22%22%2C%22endDate%22%3A%22%22%2C%22fieldDate%22%3A%22dataNormal%22%2C%22_perPage%22%3A20%2C%22archiveType_string%22%3A%22%5C%22xDamsCineLuce%5C%22%22%7D%7D&activeFilter=archiveType_string,https://patrimonio.archivioluce.com/luce-web/detail/IL5000052632/2/battaglia-sulle-colline-italiane-200-cbs-361.html?startPage=0,ok,200,1,1,Ficha pública do catálogo cinematográfico Luce verificada.,
Cinecittà - Archivio Luce,cinecitt-archivio-luce,Italy,Europe,IT-CINECITTA-LUCE,Historical film and audiovisual archive,https://www.archivioluce.com/,True,True,https://patrimonio.archivioluce.com/luce-web/search/result.html?query=&jsonVal=%7B%22jsonVal%22%3A%7B%22startDate%22%3A%22%22%2C%22endDate%22%3A%22%22%2C%22fieldDate%22%3A%22dataNormal%22%2C%22_perPage%22%3A20%2C%22archiveType_string%22%3A%22%5C%22xDamsCineLuce%5C%22%22%7D%7D&activeFilter=archiveType_string,https://patrimonio.archivioluce.com/luce-web/detail/IL5000052622/2/il-presidente-americano-wilson-parte-francia-111-h-1229.html?startPage=0,ok,200,1,1,Ficha pública do catálogo cinematográfico Luce verificada.,
Cinecittà - Archivio Luce,cinecitt-archivio-luce,Italy,Europe,IT-CINECITTA-LUCE,Historical film and audiovisual archive,https://www.archivioluce.com/,True,True,https://patrimonio.archivioluce.com/luce-web/search/result.html?query=&jsonVal=%7B%22jsonVal%22%3A%7B%22startDate%22%3A%22%22%2C%22endDate%22%3A%22%22%2C%22fieldDate%22%3A%22dataNormal%22%2C%22_perPage%22%3A20%2C%22archiveType_string%22%3A%22%5C%22xDamsCineLuce%5C%22%22%7D%7D&activeFilter=archiveType_string,https://patrimonio.archivioluce.com/luce-web/detail/IL5000052570/2/l-esercito-americano-italia-durante-prima-guerra-mondiale-111-h-1228.html?startPage=0,ok,200,1,1,Ficha pública do catálogo cinematográfico Luce verificada.,
Cinecittà - Archivio Luce,cinecitt-archivio-luce,Italy,Europe,IT-CINECITTA-LUCE,Historical film and audiovisual archive,https://www.archivioluce.com/,True,True,https://patrimonio.archivioluce.com/luce-web/search/result.html?query=&jsonVal=%7B%22jsonVal%22%3A%7B%22startDate%22%3A%22%22%2C%22endDate%22%3A%22%22%2C%22fieldDate%22%3A%22dataNormal%22%2C%22_perPage%22%3A20%2C%22archiveType_string%22%3A%22%5C%22xDamsCineLuce%5C%22%22%7D%7D&activeFilter=archiveType_string,https://patrimonio.archivioluce.com/luce-web/detail/IL5000052599/2/il-presidente-americano-wilson-italia-111-h-1235.html?startPage=0,ok,200,1,1,Ficha pública do catálogo cinematográfico Luce verificada.,
Cinecittà - Archivio Luce,cinecitt-archivio-luce,Italy,Europe,IT-CINECITTA-LUCE,Historical film and audiovisual archive,https://www.archivioluce.com/,True,True,https://patrimonio.archivioluce.com/luce-web/search/result.html?query=&jsonVal=%7B%22jsonVal%22%3A%7B%22startDate%22%3A%22%22%2C%22endDate%22%3A%22%22%2C%22fieldDate%22%3A%22dataNormal%22%2C%22_perPage%22%3A20%2C%22archiveType_string%22%3A%22%5C%22xDamsCineLuce%5C%22%22%7D%7D&activeFilter=archiveType_string,https://patrimonio.archivioluce.com/luce-web/detail/IL3000051121/1/-1141.html?startPage=0,ok,200,1,0,Ficha pública do catálogo cinematográfico Luce verificada.,
Cinecittà - Archivio Luce,cinecitt-archivio-luce,Italy,Europe,IT-CINECITTA-LUCE,Historical film and audiovisual archive,https://www.archivioluce.com/,True,True,https://patrimonio.archivioluce.com/luce-web/search/result.html?query=&jsonVal=%7B%22jsonVal%22%3A%7B%22startDate%22%3A%22%22%2C%22endDate%22%3A%22%22%2C%22fieldDate%22%3A%22dataNormal%22%2C%22_perPage%22%3A20%2C%22archiveType_string%22%3A%22%5C%22xDamsCineLuce%5C%22%22%7D%7D&activeFilter=archiveType_string,https://patrimonio.archivioluce.com/luce-web/detail/IL3000051441/1/-1474.html?startPage=0,ok,200,1,1,Ficha pública do catálogo cinematográfico Luce verificada.,
Cinecittà - Archivio Luce,cinecitt-archivio-luce,Italy,Europe,IT-CINECITTA-LUCE,Historical film and audiovisual archive,https://www.archivioluce.com/,True,True,https://patrimonio.archivioluce.com/luce-web/search/result.html?query=&jsonVal=%7B%22jsonVal%22%3A%7B%22startDate%22%3A%22%22%2C%22endDate%22%3A%22%22%2C%22fieldDate%22%3A%22dataNormal%22%2C%22_perPage%22%3A20%2C%22archiveType_string%22%3A%22%5C%22xDamsCineLuce%5C%22%22%7D%7D&activeFilter=archiveType_string,https://patrimonio.archivioluce.com/luce-web/detail/IL3000051173/1/-62.html?startPage=20,ok,200,1,1,Ficha pública do catálogo cinematográfico Luce verificada.,
Cinecittà - Archivio Luce,cinecitt-archivio-luce,Italy,Europe,IT-CINECITTA-LUCE,Historical film and audiovisual archive,https://www.archivioluce.com/,True,True,https://patrimonio.archivioluce.com/luce-web/search/result.html?query=&jsonVal=%7B%22jsonVal%22%3A%7B%22startDate%22%3A%22%22%2C%22endDate%22%3A%22%22%2C%22fieldDate%22%3A%22dataNormal%22%2C%22_perPage%22%3A20%2C%22archiveType_string%22%3A%22%5C%22xDamsCineLuce%5C%22%22%7D%7D&activeFilter=archiveType_string,https://patrimonio.archivioluce.com/luce-web/detail/IL3000052758/1/ragni-epeira-vita.html?startPage=20,ok,200,1,1,Ficha pública do catálogo cinematográfico Luce verificada.,
Cinecittà - Archivio Luce,cinecitt-archivio-luce,Italy,Europe,IT-CINECITTA-LUCE,Historical film and audiovisual archive,https://www.archivioluce.com/,True,True,https://patrimonio.archivioluce.com/luce-web/search/result.html?query=&jsonVal=%7B%22jsonVal%22%3A%7B%22startDate%22%3A%22%22%2C%22endDate%22%3A%22%22%2C%22fieldDate%22%3A%22dataNormal%22%2C%22_perPage%22%3A20%2C%22archiveType_string%22%3A%22%5C%22xDamsCineLuce%5C%22%22%7D%7D&activeFilter=archiveType_string,https://patrimonio.archivioluce.com/luce-web/detail/IL3000083082/1/-1623.html?startPage=20,ok,200,1,1,Ficha pública do catálogo cinematográfico Luce verificada.,
Cinecittà - Archivio Luce,cinecitt-archivio-luce,Italy,Europe,IT-CINECITTA-LUCE,Historical film and audiovisual archive,https://www.archivioluce.com/,True,True,https://patrimonio.archivioluce.com/luce-web/search/result.html?query=&jsonVal=%7B%22jsonVal%22%3A%7B%22startDate%22%3A%22%22%2C%22endDate%22%3A%22%22%2C%22fieldDate%22%3A%22dataNormal%22%2C%22_perPage%22%3A20%2C%22archiveType_string%22%3A%22%5C%22xDamsCineLuce%5C%22%22%7D%7D&activeFilter=archiveType_string,https://patrimonio.archivioluce.com/luce-web/detail/IL3000052616/1/-1622.html?startPage=20,ok,200,1,1,Ficha pública do catálogo cinematográfico Luce verificada.,
Cinecittà - Archivio Luce,cinecitt-archivio-luce,Italy,Europe,IT-CINECITTA-LUCE,Historical film and audiovisual archive,https://www.archivioluce.com/,True,True,https://patrimonio.archivioluce.com/luce-web/search/result.html?query=&jsonVal=%7B%22jsonVal%22%3A%7B%22startDate%22%3A%22%22%2C%22endDate%22%3A%22%22%2C%22fieldDate%22%3A%22dataNormal%22%2C%22_perPage%22%3A20%2C%22archiveType_string%22%3A%22%5C%22xDamsCineLuce%5C%22%22%7D%7D&activeFilter=archiveType_string,https://patrimonio.archivioluce.com/luce-web/detail/IL3000082932/1/-1624.html?startPage=20,ok,200,1,1,Ficha pública do catálogo cinematográfico Luce verificada.,
Cinecittà - Archivio Luce,cinecitt-archivio-luce,Italy,Europe,IT-CINECITTA-LUCE,Historical film and audiovisual archive,https://www.archivioluce.com/,True,True,https://patrimonio.archivioluce.com/luce-web/search/result.html?query=&jsonVal=%7B%22jsonVal%22%3A%7B%22startDate%22%3A%22%22%2C%22endDate%22%3A%22%22%2C%22fieldDate%22%3A%22dataNormal%22%2C%22_perPage%22%3A20%2C%22archiveType_string%22%3A%22%5C%22xDamsCineLuce%5C%22%22%7D%7D&activeFilter=archiveType_string,https://patrimonio.archivioluce.com/luce-web/detail/IL3000085234/1/-1625.html?startPage=20,ok,200,1,1,Ficha pública do catálogo cinematográfico Luce verificada.,
Cinecittà - Archivio Luce,cinecitt-archivio-luce,Italy,Europe,IT-CINECITTA-LUCE,Historical film and audiovisual archive,https://www.archivioluce.com/,True,True,https://patrimonio.archivioluce.com/luce-web/search/result.html?query=&jsonVal=%7B%22jsonVal%22%3A%7B%22startDate%22%3A%22%22%2C%22endDate%22%3A%22%22%2C%22fieldDate%22%3A%22dataNormal%22%2C%22_perPage%22%3A20%2C%22archiveType_string%22%3A%22%5C%22xDamsCineLuce%5C%22%22%7D%7D&activeFilter=archiveType_string,https://patrimonio.archivioluce.com/luce-web/detail/IL3000052442/1/etiopia.html?startPage=20,ok,200,1,1,Ficha pública do catálogo cinematográfico Luce verificada.,
Cinecittà - Archivio Luce,cinecitt-archivio-luce,Italy,Europe,IT-CINECITTA-LUCE,Historical film and audiovisual archive,https://www.archivioluce.com/,True,True,https://patrimonio.archivioluce.com/luce-web/search/result.html?query=&jsonVal=%7B%22jsonVal%22%3A%7B%22startDate%22%3A%22%22%2C%22endDate%22%3A%22%22%2C%22fieldDate%22%3A%22dataNormal%22%2C%22_perPage%22%3A20%2C%22archiveType_string%22%3A%22%5C%22xDamsCineLuce%5C%22%22%7D%7D&activeFilter=archiveType_string,https://patrimonio.archivioluce.com/luce-web/detail/IL3000085232/1/-2909.html?startPage=20,ok,200,1,0,Ficha pública do catálogo cinematográfico Luce verificada.,
Cinecittà - Archivio Luce,cinecitt-archivio-luce,Italy,Europe,IT-CINECITTA-LUCE,Historical film and audiovisual archive,https://www.archivioluce.com/,True,True,https://patrimonio.archivioluce.com/luce-web/search/result.html?query=&jsonVal=%7B%22jsonVal%22%3A%7B%22startDate%22%3A%22%22%2C%22endDate%22%3A%22%22%2C%22fieldDate%22%3A%22dataNormal%22%2C%22_perPage%22%3A20%2C%22archiveType_string%22%3A%22%5C%22xDamsCineLuce%5C%22%22%7D%7D&activeFilter=archiveType_string,https://patrimonio.archivioluce.com/luce-web/detail/IL3000094308/1/cine-occhio.html?startPage=20,ok,200,1,1,Ficha pública do catálogo cinematográfico Luce verificada.,
Cinecittà - Archivio Luce,cinecitt-archivio-luce,Italy,Europe,IT-CINECITTA-LUCE,Historical film and audiovisual archive,https://www.archivioluce.com/,True,True,https://patrimonio.archivioluce.com/luce-web/search/result.html?query=&jsonVal=%7B%22jsonVal%22%3A%7B%22startDate%22%3A%22%22%2C%22endDate%22%3A%22%22%2C%22fieldDate%22%3A%22dataNormal%22%2C%22_perPage%22%3A20%2C%22archiveType_string%22%3A%22%5C%22xDamsCineLuce%5C%22%22%7D%7D&activeFilter=archiveType_string,https://patrimonio.archivioluce.com/luce-web/detail/IL3000000083/1/marina-militare-italiana.html?startPage=20,ok,200,1,1,Ficha pública do catálogo cinematográfico Luce verificada.,
Cinecittà - Archivio Luce,cinecitt-archivio-luce,Italy,Europe,IT-CINECITTA-LUCE,Historical film and audiovisual archive,https://www.archivioluce.com/,True,True,https://patrimonio.archivioluce.com/luce-web/search/result.html?query=&jsonVal=%7B%22jsonVal%22%3A%7B%22startDate%22%3A%22%22%2C%22endDate%22%3A%22%22%2C%22fieldDate%22%3A%22dataNormal%22%2C%22_perPage%22%3A20%2C%22archiveType_string%22%3A%22%5C%22xDamsCineLuce%5C%22%22%7D%7D&activeFilter=archiveType_string,https://patrimonio.archivioluce.com/luce-web/detail/IL3000051547/1/arte-della-natura.html?startPage=20,ok,200,1,1,Ficha pública do catálogo cinematográfico Luce verificada.,
Cinecittà - Archivio Luce,cinecitt-archivio-luce,Italy,Europe,IT-CINECITTA-LUCE,Historical film and audiovisual archive,https://www.archivioluce.com/,True,True,https://patrimonio.archivioluce.com/luce-web/search/result.html?query=&jsonVal=%7B%22jsonVal%22%3A%7B%22startDate%22%3A%22%22%2C%22endDate%22%3A%22%22%2C%22fieldDate%22%3A%22dataNormal%22%2C%22_perPage%22%3A20%2C%22archiveType_string%22%3A%22%5C%22xDamsCineLuce%5C%22%22%7D%7D&activeFilter=archiveType_string,https://patrimonio.archivioluce.com/luce-web/detail/IL3000095395/34/-122184.html?startPage=20,ok,200,1,1,Ficha pública do catálogo cinematográfico Luce verificada.,
Cinecittà - Archivio Luce,cinecitt-archivio-luce,Italy,Europe,IT-CINECITTA-LUCE,Historical film and audiovisual archive,https://www.archivioluce.com/,True,True,https://patrimonio.archivioluce.com/luce-web/search/result.html?query=&jsonVal=%7B%22jsonVal%22%3A%7B%22startDate%22%3A%22%22%2C%22endDate%22%3A%22%22%2C%22fieldDate%22%3A%22dataNormal%22%2C%22_perPage%22%3A20%2C%22archiveType_string%22%3A%22%5C%22xDamsCineLuce%5C%22%22%7D%7D&activeFilter=archiveType_string,https://patrimonio.archivioluce.com/luce-web/detail/IL3000051092/1/la-battaglia-del-grano.html?startPage=20,ok,200,1,1,Ficha pública do catálogo cinematográfico Luce verificada.,
Cinecittà - Archivio Luce,cinecitt-archivio-luce,Italy,Europe,IT-CINECITTA-LUCE,Historical film and audiovisual archive,https://www.archivioluce.com/,True,True,https://patrimonio.archivioluce.com/luce-web/search/result.html?query=&jsonVal=%7B%22jsonVal%22%3A%7B%22startDate%22%3A%22%22%2C%22endDate%22%3A%22%22%2C%22fieldDate%22%3A%22dataNormal%22%2C%22_perPage%22%3A20%2C%22archiveType_string%22%3A%22%5C%22xDamsCineLuce%5C%22%22%7D%7D&activeFilter=archiveType_string,https://patrimonio.archivioluce.com/luce-web/detail/IL3000085276/1/-1627.html?startPage=20,ok,200,1,0,Ficha pública do catálogo cinematográfico Luce verificada.,
Cinecittà - Archivio Luce,cinecitt-archivio-luce,Italy,Europe,IT-CINECITTA-LUCE,Historical film and audiovisual archive,https://www.archivioluce.com/,True,True,https://patrimonio.archivioluce.com/luce-web/search/result.html?query=&jsonVal=%7B%22jsonVal%22%3A%7B%22startDate%22%3A%22%22%2C%22endDate%22%3A%22%22%2C%22fieldDate%22%3A%22dataNormal%22%2C%22_perPage%22%3A20%2C%22archiveType_string%22%3A%22%5C%22xDamsCineLuce%5C%22%22%7D%7D&activeFilter=archiveType_string,https://patrimonio.archivioluce.com/luce-web/detail/IL3000052705/1/-1626.html?startPage=20,ok,200,1,1,Ficha pública do catálogo cinematográfico Luce verificada.,
Cinecittà - Archivio Luce,cinecitt-archivio-luce,Italy,Europe,IT-CINECITTA-LUCE,Historical film and audiovisual archive,https://www.archivioluce.com/,True,True,https://patrimonio.archivioluce.com/luce-web/search/result.html?query=&jsonVal=%7B%22jsonVal%22%3A%7B%22startDate%22%3A%22%22%2C%22endDate%22%3A%22%22%2C%22fieldDate%22%3A%22dataNormal%22%2C%22_perPage%22%3A20%2C%22archiveType_string%22%3A%22%5C%22xDamsCineLuce%5C%22%22%7D%7D&activeFilter=archiveType_string,https://patrimonio.archivioluce.com/luce-web/detail/IL3000052187/1/vita-nova.html?startPage=20,ok,200,1,1,Ficha pública do catálogo cinematográfico Luce verificada.,
Cinecittà - Archivio Luce,cinecitt-archivio-luce,Italy,Europe,IT-CINECITTA-LUCE,Historical film and audiovisual archive,https://www.archivioluce.com/,True,True,https://patrimonio.archivioluce.com/luce-web/search/result.html?query=&jsonVal=%7B%22jsonVal%22%3A%7B%22startDate%22%3A%22%22%2C%22endDate%22%3A%22%22%2C%22fieldDate%22%3A%22dataNormal%22%2C%22_perPage%22%3A20%2C%22archiveType_string%22%3A%22%5C%22xDamsCineLuce%5C%22%22%7D%7D&activeFilter=archiveType_string,https://patrimonio.archivioluce.com/luce-web/detail/IL3000085236/1/-1628.html?startPage=20,ok,200,1,0,Ficha pública do catálogo cinematográfico Luce verificada.,
Cinecittà - Archivio Luce,cinecitt-archivio-luce,Italy,Europe,IT-CINECITTA-LUCE,Historical film and audiovisual archive,https://www.archivioluce.com/,True,True,https://patrimonio.archivioluce.com/luce-web/search/result.html?query=&jsonVal=%7B%22jsonVal%22%3A%7B%22startDate%22%3A%22%22%2C%22endDate%22%3A%22%22%2C%22fieldDate%22%3A%22dataNormal%22%2C%22_perPage%22%3A20%2C%22archiveType_string%22%3A%22%5C%22xDamsCineLuce%5C%22%22%7D%7D&activeFilter=archiveType_string,https://patrimonio.archivioluce.com/luce-web/detail/IL3000085278/1/-1629.html?startPage=20,ok,200,1,0,Ficha pública do catálogo cinematográfico Luce verificada.,
Cinecittà - Archivio Luce,cinecitt-archivio-luce,Italy,Europe,IT-CINECITTA-LUCE,Historical film and audiovisual archive,https://www.archivioluce.com/,True,True,https://patrimonio.archivioluce.com/luce-web/search/result.html?query=&jsonVal=%7B%22jsonVal%22%3A%7B%22startDate%22%3A%22%22%2C%22endDate%22%3A%22%22%2C%22fieldDate%22%3A%22dataNormal%22%2C%22_perPage%22%3A20%2C%22archiveType_string%22%3A%22%5C%22xDamsCineLuce%5C%22%22%7D%7D&activeFilter=archiveType_string,https://patrimonio.archivioluce.com/luce-web/detail/IL3000085235/1/-1630.html?startPage=20,ok,200,1,0,Ficha pública do catálogo cinematográfico Luce verificada.,
Cinecittà - Archivio Luce,cinecitt-archivio-luce,Italy,Europe,IT-CINECITTA-LUCE,Historical film and audiovisual archive,https://www.archivioluce.com/,True,True,https://patrimonio.archivioluce.com/luce-web/search/result.html?query=&jsonVal=%7B%22jsonVal%22%3A%7B%22startDate%22%3A%22%22%2C%22endDate%22%3A%22%22%2C%22fieldDate%22%3A%22dataNormal%22%2C%22_perPage%22%3A20%2C%22archiveType_string%22%3A%22%5C%22xDamsCineLuce%5C%22%22%7D%7D&activeFilter=archiveType_string,https://patrimonio.archivioluce.com/luce-web/detail/IL3000085281/1/-1631.html?startPage=40,ok,200,1,0,Ficha pública do catálogo cinematográfico Luce verificada.,
Cinecittà - Archivio Luce,cinecitt-archivio-luce,Italy,Europe,IT-CINECITTA-LUCE,Historical film and audiovisual archive,https://www.archivioluce.com/,True,True,https://patrimonio.archivioluce.com/luce-web/search/result.html?query=&jsonVal=%7B%22jsonVal%22%3A%7B%22startDate%22%3A%22%22%2C%22endDate%22%3A%22%22%2C%22fieldDate%22%3A%22dataNormal%22%2C%22_perPage%22%3A20%2C%22archiveType_string%22%3A%22%5C%22xDamsCineLuce%5C%22%22%7D%7D&activeFilter=archiveType_string,https://patrimonio.archivioluce.com/luce-web/detail/IL3000095771/1/-1633.html?startPage=40,ok,200,1,1,Ficha pública do catálogo cinematográfico Luce verificada.,
Cinecittà - Archivio Luce,cinecitt-archivio-luce,Italy,Europe,IT-CINECITTA-LUCE,Historical film and audiovisual archive,https://www.archivioluce.com/,True,True,https://patrimonio.archivioluce.com/luce-web/search/result.html?query=&jsonVal=%7B%22jsonVal%22%3A%7B%22startDate%22%3A%22%22%2C%22endDate%22%3A%22%22%2C%22fieldDate%22%3A%22dataNormal%22%2C%22_perPage%22%3A20%2C%22archiveType_string%22%3A%22%5C%22xDamsCineLuce%5C%22%22%7D%7D&activeFilter=archiveType_string,https://patrimonio.archivioluce.com/luce-web/detail/IL3000051440/1/-1634.html?startPage=40,ok,200,1,1,Ficha pública do catálogo cinematográfico Luce verificada.,
Cinecittà - Archivio Luce,cinecitt-archivio-luce,Italy,Europe,IT-CINECITTA-LUCE,Historical film and audiovisual archive,https://www.archivioluce.com/,True,True,https://patrimonio.archivioluce.com/luce-web/search/result.html?query=&jsonVal=%7B%22jsonVal%22%3A%7B%22startDate%22%3A%22%22%2C%22endDate%22%3A%22%22%2C%22fieldDate%22%3A%22dataNormal%22%2C%22_perPage%22%3A20%2C%22archiveType_string%22%3A%22%5C%22xDamsCineLuce%5C%22%22%7D%7D&activeFilter=archiveType_string,https://patrimonio.archivioluce.com/luce-web/detail/IL3000095781/1/-1632.html?startPage=40,ok,200,1,1,Ficha pública do catálogo cinematográfico Luce verificada.,
Cinecittà - Archivio Luce,cinecitt-archivio-luce,Italy,Europe,IT-CINECITTA-LUCE,Historical film and audiovisual archive,https://www.archivioluce.com/,True,True,https://patrimonio.archivioluce.com/luce-web/search/result.html?query=&jsonVal=%7B%22jsonVal%22%3A%7B%22startDate%22%3A%22%22%2C%22endDate%22%3A%22%22%2C%22fieldDate%22%3A%22dataNormal%22%2C%22_perPage%22%3A20%2C%22archiveType_string%22%3A%22%5C%22xDamsCineLuce%5C%22%22%7D%7D&activeFilter=archiveType_string,https://patrimonio.archivioluce.com/luce-web/detail/IL3000051551/1/parte-prima-nascita-del-cappello-parte-seconda-finizione-del-cappello.html?startPage=40,ok,200,1,1,Ficha pública do catálogo cinematográfico Luce verificada.,
Cinecittà - Archivio Luce,cinecitt-archivio-luce,Italy,Europe,IT-CINECITTA-LUCE,Historical film and audiovisual archive,https://www.archivioluce.com/,True,True,https://patrimonio.archivioluce.com/luce-web/search/result.html?query=&jsonVal=%7B%22jsonVal%22%3A%7B%22startDate%22%3A%22%22%2C%22endDate%22%3A%22%22%2C%22fieldDate%22%3A%22dataNormal%22%2C%22_perPage%22%3A20%2C%22archiveType_string%22%3A%22%5C%22xDamsCineLuce%5C%22%22%7D%7D&activeFilter=archiveType_string,https://patrimonio.archivioluce.com/luce-web/detail/IL3000051463/1/congresso-eucaristico-roma-1925-iii.html?startPage=40,ok,200,1,1,Ficha pública do catálogo cinematográfico Luce verificada.,
Cinecittà - Archivio Luce,cinecitt-archivio-luce,Italy,Europe,IT-CINECITTA-LUCE,Historical film and audiovisual archive,https://www.archivioluce.com/,True,True,https://patrimonio.archivioluce.com/luce-web/search/result.html?query=&jsonVal=%7B%22jsonVal%22%3A%7B%22startDate%22%3A%22%22%2C%22endDate%22%3A%22%22%2C%22fieldDate%22%3A%22dataNormal%22%2C%22_perPage%22%3A20%2C%22archiveType_string%22%3A%22%5C%22xDamsCineLuce%5C%22%22%7D%7D&activeFilter=archiveType_string,https://patrimonio.archivioluce.com/luce-web/detail/IL3000051250/1/celebrazione-del-vii-anniversario-della-vittoria-roma.html?startPage=40,ok,200,1,1,Ficha pública do catálogo cinematográfico Luce verificada.,
Cinecittà - Archivio Luce,cinecitt-archivio-luce,Italy,Europe,IT-CINECITTA-LUCE,Historical film and audiovisual archive,https://www.archivioluce.com/,True,True,https://patrimonio.archivioluce.com/luce-web/search/result.html?query=&jsonVal=%7B%22jsonVal%22%3A%7B%22startDate%22%3A%22%22%2C%22endDate%22%3A%22%22%2C%22fieldDate%22%3A%22dataNormal%22%2C%22_perPage%22%3A20%2C%22archiveType_string%22%3A%22%5C%22xDamsCineLuce%5C%22%22%7D%7D&activeFilter=archiveType_string,https://patrimonio.archivioluce.com/luce-web/detail/IL3000051884/1/mussolini-e-farinacci-al-saggio-ginnico-organizzato-dalla-milizia-volontaria-della-sicurezza-nazionale-gare-ginnastiche-degli.html?startPage=40,ok,200,1,1,Ficha pública do catálogo cinematográfico Luce verificada.,
Cinecittà - Archivio Luce,cinecitt-archivio-luce,Italy,Europe,IT-CINECITTA-LUCE,Historical film and audiovisual archive,https://www.archivioluce.com/,True,True,https://patrimonio.archivioluce.com/luce-web/search/result.html?query=&jsonVal=%7B%22jsonVal%22%3A%7B%22startDate%22%3A%22%22%2C%22endDate%22%3A%22%22%2C%22fieldDate%22%3A%22dataNormal%22%2C%22_perPage%22%3A20%2C%22archiveType_string%22%3A%22%5C%22xDamsCineLuce%5C%22%22%7D%7D&activeFilter=archiveType_string,https://patrimonio.archivioluce.com/luce-web/detail/IL3000052261/1/-1635.html?startPage=40,ok,200,1,1,Ficha pública do catálogo cinematográfico Luce verificada.,
Cinecittà - Archivio Luce,cinecitt-archivio-luce,Italy,Europe,IT-CINECITTA-LUCE,Historical film and audiovisual archive,https://www.archivioluce.com/,True,True,https://patrimonio.archivioluce.com/luce-web/search/result.html?query=&jsonVal=%7B%22jsonVal%22%3A%7B%22startDate%22%3A%22%22%2C%22endDate%22%3A%22%22%2C%22fieldDate%22%3A%22dataNormal%22%2C%22_perPage%22%3A20%2C%22archiveType_string%22%3A%22%5C%22xDamsCineLuce%5C%22%22%7D%7D&activeFilter=archiveType_string,https://patrimonio.archivioluce.com/luce-web/detail/IL3000051738/1/cerimonia-predappio.html?startPage=40,ok,200,1,1,Ficha pública do catálogo cinematográfico Luce verificada.,
Cinecittà - Archivio Luce,cinecitt-archivio-luce,Italy,Europe,IT-CINECITTA-LUCE,Historical film and audiovisual archive,https://www.archivioluce.com/,True,True,https://patrimonio.archivioluce.com/luce-web/search/result.html?query=&jsonVal=%7B%22jsonVal%22%3A%7B%22startDate%22%3A%22%22%2C%22endDate%22%3A%22%22%2C%22fieldDate%22%3A%22dataNormal%22%2C%22_perPage%22%3A20%2C%22archiveType_string%22%3A%22%5C%22xDamsCineLuce%5C%22%22%7D%7D&activeFilter=archiveType_string,https://patrimonio.archivioluce.com/luce-web/detail/IL3000051359/1/-2.html?startPage=40,ok,200,1,1,Ficha pública do catálogo cinematográfico Luce verificada.,
Cinecittà - Archivio Luce,cinecitt-archivio-luce,Italy,Europe,IT-CINECITTA-LUCE,Historical film and audiovisual archive,https://www.archivioluce.com/,True,True,https://patrimonio.archivioluce.com/luce-web/search/result.html?query=&jsonVal=%7B%22jsonVal%22%3A%7B%22startDate%22%3A%22%22%2C%22endDate%22%3A%22%22%2C%22fieldDate%22%3A%22dataNormal%22%2C%22_perPage%22%3A20%2C%22archiveType_string%22%3A%22%5C%22xDamsCineLuce%5C%22%22%7D%7D&activeFilter=archiveType_string,https://patrimonio.archivioluce.com/luce-web/detail/IL3000051430/1/-3.html?startPage=40,ok,200,1,1,Ficha pública do catálogo cinematográfico Luce verificada.,
Cinecittà - Archivio Luce,cinecitt-archivio-luce,Italy,Europe,IT-CINECITTA-LUCE,Historical film and audiovisual archive,https://www.archivioluce.com/,True,True,https://patrimonio.archivioluce.com/luce-web/search/result.html?query=&jsonVal=%7B%22jsonVal%22%3A%7B%22startDate%22%3A%22%22%2C%22endDate%22%3A%22%22%2C%22fieldDate%22%3A%22dataNormal%22%2C%22_perPage%22%3A20%2C%22archiveType_string%22%3A%22%5C%22xDamsCineLuce%5C%22%22%7D%7D&activeFilter=archiveType_string,https://patrimonio.archivioluce.com/luce-web/detail/IL3000095782/1/-2912.html?startPage=40,ok,200,1,1,Ficha pública do catálogo cinematográfico Luce verificada.,
Cinecittà - Archivio Luce,cinecitt-archivio-luce,Italy,Europe,IT-CINECITTA-LUCE,Historical film and audiovisual archive,https://www.archivioluce.com/,True,True,https://patrimonio.archivioluce.com/luce-web/search/result.html?query=&jsonVal=%7B%22jsonVal%22%3A%7B%22startDate%22%3A%22%22%2C%22endDate%22%3A%22%22%2C%22fieldDate%22%3A%22dataNormal%22%2C%22_perPage%22%3A20%2C%22archiveType_string%22%3A%22%5C%22xDamsCineLuce%5C%22%22%7D%7D&activeFilter=archiveType_string,https://patrimonio.archivioluce.com/luce-web/detail/IL3000051379/1/-4.html?startPage=40,ok,200,1,1,Ficha pública do catálogo cinematográfico Luce verificada.,
Cinecittà - Archivio Luce,cinecitt-archivio-luce,Italy,Europe,IT-CINECITTA-LUCE,Historical film and audiovisual archive,https://www.archivioluce.com/,True,True,https://patrimonio.archivioluce.com/luce-web/search/result.html?query=&jsonVal=%7B%22jsonVal%22%3A%7B%22startDate%22%3A%22%22%2C%22endDate%22%3A%22%22%2C%22fieldDate%22%3A%22dataNormal%22%2C%22_perPage%22%3A20%2C%22archiveType_string%22%3A%22%5C%22xDamsCineLuce%5C%22%22%7D%7D&activeFilter=archiveType_string,https://patrimonio.archivioluce.com/luce-web/detail/IL3000051483/1/-7.html?startPage=40,ok,200,1,1,Ficha pública do catálogo cinematográfico Luce verificada.,
Cinecittà - Archivio Luce,cinecitt-archivio-luce,Italy,Europe,IT-CINECITTA-LUCE,Historical film and audiovisual archive,https://www.archivioluce.com/,True,True,https://patrimonio.archivioluce.com/luce-web/search/result.html?query=&jsonVal=%7B%22jsonVal%22%3A%7B%22startDate%22%3A%22%22%2C%22endDate%22%3A%22%22%2C%22fieldDate%22%3A%22dataNormal%22%2C%22_perPage%22%3A20%2C%22archiveType_string%22%3A%22%5C%22xDamsCineLuce%5C%22%22%7D%7D&activeFilter=archiveType_string,https://patrimonio.archivioluce.com/luce-web/detail/IL3000051382/1/-5.html?startPage=40,ok,200,1,1,Ficha pública do catálogo cinematográfico Luce verificada.,
Cinecittà - Archivio Luce,cinecitt-archivio-luce,Italy,Europe,IT-CINECITTA-LUCE,Historical film and audiovisual archive,https://www.archivioluce.com/,True,True,https://patrimonio.archivioluce.com/luce-web/search/result.html?query=&jsonVal=%7B%22jsonVal%22%3A%7B%22startDate%22%3A%22%22%2C%22endDate%22%3A%22%22%2C%22fieldDate%22%3A%22dataNormal%22%2C%22_perPage%22%3A20%2C%22archiveType_string%22%3A%22%5C%22xDamsCineLuce%5C%22%22%7D%7D&activeFilter=archiveType_string,https://patrimonio.archivioluce.com/luce-web/detail/IL3000051411/1/-6.html?startPage=40,ok,200,1,1,Ficha pública do catálogo cinematográfico Luce verificada.,
Cinecittà - Archivio Luce,cinecitt-archivio-luce,Italy,Europe,IT-CINECITTA-LUCE,Historical film and audiovisual archive,https://www.archivioluce.com/,True,True,https://patrimonio.archivioluce.com/luce-web/search/result.html?query=&jsonVal=%7B%22jsonVal%22%3A%7B%22startDate%22%3A%22%22%2C%22endDate%22%3A%22%22%2C%22fieldDate%22%3A%22dataNormal%22%2C%22_perPage%22%3A20%2C%22archiveType_string%22%3A%22%5C%22xDamsCineLuce%5C%22%22%7D%7D&activeFilter=archiveType_string,https://patrimonio.archivioluce.com/luce-web/detail/IL3000051415/1/-8.html?startPage=40,ok,200,1,1,Ficha pública do catálogo cinematográfico Luce verificada.,
Cinecittà - Archivio Luce,cinecitt-archivio-luce,Italy,Europe,IT-CINECITTA-LUCE,Historical film and audiovisual archive,https://www.archivioluce.com/,True,True,https://patrimonio.archivioluce.com/luce-web/search/result.html?query=&jsonVal=%7B%22jsonVal%22%3A%7B%22startDate%22%3A%22%22%2C%22endDate%22%3A%22%22%2C%22fieldDate%22%3A%22dataNormal%22%2C%22_perPage%22%3A20%2C%22archiveType_string%22%3A%22%5C%22xDamsCineLuce%5C%22%22%7D%7D&activeFilter=archiveType_string,https://patrimonio.archivioluce.com/luce-web/detail/IL3000051271/1/tenuta-pietralata-roma-posa-della-prima-pietra-edificio-scolastico.html?startPage=40,ok,200,1,1,Ficha pública do catálogo cinematográfico Luce verificada.,
Cinecittà - Archivio Luce,cinecitt-archivio-luce,Italy,Europe,IT-CINECITTA-LUCE,Historical film and audiovisual archive,https://www.archivioluce.com/,True,True,https://patrimonio.archivioluce.com/luce-web/search/result.html?query=&jsonVal=%7B%22jsonVal%22%3A%7B%22startDate%22%3A%22%22%2C%22endDate%22%3A%22%22%2C%22fieldDate%22%3A%22dataNormal%22%2C%22_perPage%22%3A20%2C%22archiveType_string%22%3A%22%5C%22xDamsCineLuce%5C%22%22%7D%7D&activeFilter=archiveType_string,https://patrimonio.archivioluce.com/luce-web/detail/IL3000051432/1/-1636.html?startPage=40,ok,200,1,1,Ficha pública do catálogo cinematográfico Luce verificada.,
